Designator,Mid X,Mid Y,Layer,Rotation
C46,142.292600mm,-94.412400mm,Bottom,90.000000
C47,129.077600mm,-87.441400mm,Bottom,180.000000
C61,138.923600mm,-93.243400mm,Bottom,0.000000
C62,136.388600mm,-112.388400mm,Bottom,180.000000
C63,122.363600mm,-117.793400mm,Bottom,180.000000
C67,139.002600mm,-101.025400mm,Bottom,0.000000
C69,120.369600mm,-100.993400mm,Bottom,180.000000
C70,140.214600mm,-101.974400mm,Bottom,0.000000
C201,135.253600mm,-123.853400mm,Bottom,90.000000
C202,137.733600mm,-123.473400mm,Bottom,180.000000
C203,136.253600mm,-124.433400mm,Bottom,90.000000
C205,154.223600mm,-112.993400mm,Bottom,0.000000
C207,150.733600mm,-123.473400mm,Bottom,180.000000
C304,126.803600mm,-116.993400mm,Bottom,0.000000
C305,143.804000mm,-114.323000mm,Bottom,270.000000
C310,141.200000mm,-113.300000mm,Bottom,0.000000
C311,140.900000mm,-110.760000mm,Bottom,0.000000
C401,119.781600mm,-135.193400mm,Bottom,0.000000
C403,135.219600mm,-135.697400mm,Bottom,90.000000
C404,136.329600mm,-121.113400mm,Bottom,270.000000
C405,137.850000mm,-118.150000mm,Bottom,90.000000
C407,140.855600mm,-93.415400mm,Bottom,0.000000
C408,140.180600mm,-90.342400mm,Bottom,90.000000
C412,141.883600mm,-96.843400mm,Bottom,180.000000
C601,139.994600mm,-99.864400mm,Bottom,0.000000
C602,140.003600mm,-98.861400mm,Bottom,0.000000
C701,149.279600mm,-138.025400mm,Bottom,180.000000
C904,161.950000mm,-131.960000mm,Bottom,270.000000
C905,151.853600mm,-128.143400mm,Bottom,270.000000
C907,143.732600mm,-92.014400mm,Bottom,180.000000
C909,143.779600mm,-89.996400mm,Bottom,180.000000
C910,143.778600mm,-88.933400mm,Bottom,180.000000
D201,146.653600mm,-117.593400mm,Bottom,0.000000
D202,150.503600mm,-118.343400mm,Bottom,270.000000
D203,132.762000mm,-121.095000mm,Bottom,90.000000
D204,131.003600mm,-117.593400mm,Bottom,0.000000
D301,126.750000mm,-124.600000mm,Bottom,180.000000
D401,138.178600mm,-135.763000mm,Bottom,180.000000
D402,141.653600mm,-135.683400mm,Bottom,180.000000
D403,145.153600mm,-135.683400mm,Bottom,180.000000
D404,138.153600mm,-127.603400mm,Bottom,0.000000
D405,141.653600mm,-127.603400mm,Bottom,0.000000
D406,145.153600mm,-127.603400mm,Bottom,0.000000
F1,163.050000mm,-126.800000mm,Bottom,90.000000
H5,128.803600mm,-135.943400mm,Bottom,180.000000
H6,153.003600mm,-133.843400mm,Bottom,180.000000
J2,156.333600mm,-123.123400mm,Bottom,270.000000
J11,140.903600mm,-131.643400mm,Bottom,180.000000
R20,137.597600mm,-104.601400mm,Bottom,270.000000
R24,138.400000mm,-94.500000mm,Bottom,180.000000
R25,138.578600mm,-96.116400mm,Bottom,0.000000
R39,134.003600mm,-91.743400mm,Bottom,270.000000
R40,120.598600mm,-93.693400mm,Bottom,90.000000
R41,122.866100mm,-99.093400mm,Bottom,180.000000
R42,158.528600mm,-111.493400mm,Bottom,0.000000
R43,119.695600mm,-99.031400mm,Bottom,90.000000
R45,156.703600mm,-113.818400mm,Bottom,90.000000
R46,137.550000mm,-100.300000mm,Bottom,270.000000
R47,150.100000mm,-102.600000mm,Bottom,180.000000
R51,149.944000mm,-115.273000mm,Bottom,0.000000
R52,153.278600mm,-106.581400mm,Bottom,180.000000
R53,135.750000mm,-101.250000mm,Bottom,90.000000
R54,139.117000mm,-107.199000mm,Bottom,90.000000
R64,141.447600mm,-103.616400mm,Bottom,0.000000
R103,135.453600mm,-85.510000mm,Bottom,270.000000
R106,133.097600mm,-89.251400mm,Bottom,270.000000
R108,131.903600mm,-89.343400mm,Bottom,90.000000
R205,119.995000mm,-103.590000mm,Bottom,180.000000
R208,158.703600mm,-114.133400mm,Bottom,90.000000
R209,155.368600mm,-108.518900mm,Bottom,180.000000
R210,156.388600mm,-109.656400mm,Bottom,0.000000
R211,151.943600mm,-108.518900mm,Bottom,180.000000
R213,137.810000mm,-98.612700mm,Bottom,180.000000
R303,148.000000mm,-115.400000mm,Bottom,270.000000
R305,146.850000mm,-112.200000mm,Bottom,270.000000
R306,148.149600mm,-108.100400mm,Bottom,0.000000
R307,145.686000mm,-108.100000mm,Bottom,0.000000
R308,148.300000mm,-109.150000mm,Bottom,180.000000
R309,148.103600mm,-110.560400mm,Bottom,270.000000
R311,139.562600mm,-91.816400mm,Bottom,180.000000
R312,142.650000mm,-117.100000mm,Bottom,90.000000
R313,146.370000mm,-106.973000mm,Bottom,0.000000
R320,126.708600mm,-126.213400mm,Bottom,180.000000
R321,126.287600mm,-129.200400mm,Bottom,0.000000
R401,125.312600mm,-133.527400mm,Bottom,90.000000
R402,119.693600mm,-133.293400mm,Bottom,0.000000
R403,135.507600mm,-103.991400mm,Bottom,0.000000
R404,124.665000mm,-137.436000mm,Bottom,180.000000
R407,135.460600mm,-119.704400mm,Bottom,0.000000
R408,141.600000mm,-116.415400mm,Bottom,270.000000
R409,143.600600mm,-116.415400mm,Bottom,90.000000
R410,141.963600mm,-119.128400mm,Bottom,0.000000
R411,144.770000mm,-122.670000mm,Bottom,270.000000
R412,144.104000mm,-138.097000mm,Bottom,180.000000
R413,142.272600mm,-92.506400mm,Bottom,90.000000
R414,135.959000mm,-137.154000mm,Bottom,180.000000
R415,141.272600mm,-92.006400mm,Bottom,90.000000
R417,130.800000mm,-129.040000mm,Bottom,90.000000
R418,157.340000mm,-140.450000mm,Bottom,180.000000
R419,127.532600mm,-90.816400mm,Bottom,180.000000
R420,125.312600mm,-99.016400mm,Bottom,0.000000
R421,127.532600mm,-91.816400mm,Bottom,180.000000
R422,136.293600mm,-126.143400mm,Bottom,180.000000
R423,138.168600mm,-138.143400mm,Bottom,180.000000
R424,127.426600mm,-96.092400mm,Bottom,180.000000
R425,138.093600mm,-137.143400mm,Bottom,180.000000
R426,139.713600mm,-124.048400mm,Bottom,0.000000
R427,140.143600mm,-137.143400mm,Bottom,180.000000
R431,142.143600mm,-137.143400mm,Bottom,180.000000
R433,139.097600mm,-90.351400mm,Bottom,270.000000
R434,137.097600mm,-102.281400mm,Bottom,90.000000
R435,139.889400mm,-97.643400mm,Bottom,0.000000
R436,139.603600mm,-138.653400mm,Bottom,90.000000
R437,140.603600mm,-138.653400mm,Bottom,90.000000
R438,142.143600mm,-138.143400mm,Bottom,180.000000
R439,144.113600mm,-126.143400mm,Bottom,0.000000
R440,144.143600mm,-137.143400mm,Bottom,180.000000
R441,138.600000mm,-125.470000mm,Bottom,90.000000
R442,139.800000mm,-125.700000mm,Bottom,270.000000
R601,139.902600mm,-88.641400mm,Bottom,180.000000
R900,159.078600mm,-97.065400mm,Bottom,270.000000
R901,137.000000mm,-91.500000mm,Bottom,270.000000
R904,142.372600mm,-89.613400mm,Bottom,90.000000
R906,138.097600mm,-90.351400mm,Bottom,270.000000
R907,132.500000mm,-114.310000mm,Bottom,90.000000
RN60,123.500000mm,-94.066400mm,Bottom,90.000000
RN202,134.647600mm,-88.841400mm,Bottom,270.000000
RN203,134.097600mm,-101.641400mm,Bottom,270.000000
RN401,141.553600mm,-125.690000mm,Bottom,0.000000
U304,130.277600mm,-124.386400mm,Bottom,90.000000
U401,122.765600mm,-134.243400mm,Bottom,90.000000
U701,149.199600mm,-139.700400mm,Bottom,90.000000
U901,132.200000mm,-111.290000mm,Bottom,90.000000
Y2,142.153600mm,-98.593400mm,Bottom,270.000000
C1,135.178800mm,-63.398400mm,Top,90.000000
C2,139.000600mm,-63.103400mm,Top,-90.000000
C3,142.046600mm,-67.198400mm,Top,0.000000
C4,137.350000mm,-64.700000mm,Top,0.000000
C5,143.852600mm,-67.198400mm,Top,-90.000000
C6,142.048600mm,-66.178400mm,Top,0.000000
C7,142.046600mm,-68.218400mm,Top,0.000000
C8,141.512600mm,-65.123400mm,Top,0.000000
C11,144.142600mm,-71.525400mm,Top,-90.000000
C12,140.243600mm,-73.843400mm,Top,180.000000
C13,145.493600mm,-79.043400mm,Top,-90.000000
C14,148.418600mm,-75.395400mm,Top,0.000000
C15,133.803600mm,-79.993400mm,Top,180.000000
C17,129.628600mm,-78.841400mm,Top,180.000000
C18,146.162600mm,-76.358400mm,Top,-90.000000
C19,140.243600mm,-78.872400mm,Top,180.000000
C20,138.673600mm,-76.643400mm,Top,90.000000
C21,137.593600mm,-86.663400mm,Top,90.000000
C22,138.684000mm,-86.664800mm,Top,90.000000
C23,152.230600mm,-80.967400mm,Top,0.000000
C24,143.735600mm,-82.266400mm,Top,45.000000
C25,144.533600mm,-88.743400mm,Top,-90.000000
C26,143.577600mm,-86.469400mm,Top,180.000000
C28,159.303600mm,-94.081400mm,Top,-90.000000
C29,161.264600mm,-67.332800mm,Top,-90.000000
C30,155.553600mm,-99.231400mm,Top,180.000000
C31,159.054800mm,-70.764400mm,Top,-90.000000
C32,159.903600mm,-99.243400mm,Top,0.000000
C33,156.856600mm,-96.734400mm,Top,90.000000
C34,154.575400mm,-61.750700mm,Top,90.000000
C35,162.103600mm,-97.693400mm,Top,-90.000000
C36,153.055400mm,-68.600700mm,Top,-90.000000
C37,162.353600mm,-95.268400mm,Top,90.000000
C38,156.159200mm,-70.586600mm,Top,0.000000
C39,161.379000mm,-105.775000mm,Top,0.000000
C40,155.143200mm,-69.011800mm,Top,180.000000
C41,160.803600mm,-92.900400mm,Top,90.000000
C42,155.478600mm,-103.915400mm,Top,180.000000
C44,155.403600mm,-84.943400mm,Top,90.000000
C45,156.667200mm,-87.743400mm,Top,-90.000000
C48,144.881600mm,-91.363800mm,Top,90.000000
C49,129.269794mm,-85.891029mm,Top,90.000000
C50,143.840200mm,-97.943400mm,Top,-90.000000
C51,146.803600mm,-92.943400mm,Top,-90.000000
C52,125.122600mm,-100.541400mm,Top,90.000000
C53,141.329600mm,-87.122400mm,Top,-45.000000
C54,141.497600mm,-104.471400mm,Top,-90.000000
C55,127.697600mm,-88.061400mm,Top,90.000000
C56,143.837000mm,-93.510000mm,Top,-90.000000
C58,126.442600mm,-103.216400mm,Top,180.000000
C59,145.103600mm,-93.891400mm,Top,-90.000000
C60,125.984600mm,-86.433400mm,Top,90.000000
C64,119.498600mm,-87.388400mm,Top,90.000000
C65,121.573600mm,-86.068400mm,Top,0.000000
C66,124.102600mm,-103.512400mm,Top,-90.000000
C71,125.470600mm,-62.343400mm,Top,0.000000
C93,146.583600mm,-100.643400mm,Top,0.000000
C100,157.203600mm,-82.243400mm,Top,90.000000
C101,136.203600mm,-80.193400mm,Top,90.000000
C102,137.303600mm,-80.193400mm,Top,90.000000
C103,132.588000mm,-83.058000mm,Top,180.000000
C104,133.629400mm,-81.381600mm,Top,90.000000
C105,140.081000mm,-81.965800mm,Top,0.000000
C106,139.811000mm,-83.463400mm,Top,0.000000
C107,139.827000mm,-84.963000mm,Top,0.000000
C200,133.978600mm,-121.886400mm,Top,0.000000
C206,148.028600mm,-121.843400mm,Top,180.000000
C300,140.778600mm,-62.143400mm,Top,-90.000000
C301,124.173600mm,-134.334400mm,Top,-90.000000
C303,146.952600mm,-117.647400mm,Top,-90.000000
C306,140.634600mm,-115.359400mm,Top,180.000000
C307,144.603600mm,-117.293400mm,Top,-90.000000
C308,143.004000mm,-105.443000mm,Top,90.000000
C309,143.558600mm,-114.943400mm,Top,0.000000
C312,147.925600mm,-115.179400mm,Top,0.000000
C313,141.053600mm,-108.343400mm,Top,180.000000
C314,145.500000mm,-104.000000mm,Top,90.000000
C315,154.353600mm,-97.243400mm,Top,180.000000
C316,154.353600mm,-95.243400mm,Top,180.000000
C317,138.316600mm,-107.819400mm,Top,90.000000
C318,143.683600mm,-108.343400mm,Top,0.000000
C319,145.608600mm,-107.772400mm,Top,90.000000
C320,147.617600mm,-107.772400mm,Top,90.000000
C322,158.633600mm,-124.643400mm,Top,0.000000
C323,156.003600mm,-127.198400mm,Top,-90.000000
C324,161.003600mm,-124.643400mm,Top,180.000000
C325,158.928600mm,-129.643400mm,Top,0.000000
C326,148.099600mm,-104.877400mm,Top,180.000000
C327,150.864600mm,-99.184400mm,Top,90.000000
C402,156.500000mm,-135.200000mm,Top,90.000000
C406,144.623600mm,-120.718400mm,Top,90.000000
C409,152.900000mm,-137.900000mm,Top,0.000000
C410,157.200000mm,-137.900000mm,Top,0.000000
C603,143.814800mm,-100.426400mm,Top,-90.000000
C900,157.397600mm,-94.770400mm,Top,180.000000
C901,143.337600mm,-69.158400mm,Top,0.000000
C902,150.276600mm,-79.826400mm,Top,-90.000000
C903,156.872600mm,-105.828400mm,Top,-90.000000
D1,139.218600mm,-64.945400mm,Top,0.000000
D12,150.495000mm,-89.839800mm,Top,135.000000
D300,145.713600mm,-58.093400mm,Top,0.000000
F201,152.903600mm,-102.531400mm,Top,-90.000000
FB1,158.603600mm,-86.543400mm,Top,180.000000
FB201,148.803600mm,-119.606400mm,Top,-90.000000
FL1,145.000000mm,-64.600000mm,Top,180.000000
J1,139.000600mm,-55.215400mm,Top,90.000000
J3,127.183600mm,-112.913400mm,Top,-90.000000
J4,141.503600mm,-125.523400mm,Top,0.000000
J8,157.203600mm,-114.793400mm,Top,0.000000
J10,121.193600mm,-127.463400mm,Top,90.000000
J300,145.503600mm,-55.215400mm,Top,90.000000
L1,160.428600mm,-102.260400mm,Top,-90.000000
L301,139.703600mm,-111.943400mm,Top,90.000000
Q201,155.005000mm,-108.259000mm,Top,0.000000
Q202,152.165600mm,-105.743400mm,Top,270.000000
Q203,151.503600mm,-109.456400mm,Top,180.000000
Q301,158.540000mm,-108.335000mm,Top,0.000000
Q302,165.000000mm,-124.000000mm,Top,90.000000
Q303,163.050000mm,-131.600000mm,Top,180.000000
R1,139.000600mm,-58.745400mm,Top,90.000000
R2,139.000600mm,-60.647400mm,Top,-90.000000
R3,136.200000mm,-70.700000mm,Top,180.000000
R4,139.494600mm,-71.525400mm,Top,-90.000000
R6,141.818600mm,-72.275400mm,Top,0.000000
R8,146.912600mm,-73.908400mm,Top,0.000000
R10,140.906600mm,-76.358400mm,Top,-90.000000
R11,137.203600mm,-76.943400mm,Top,-90.000000
R12,141.103600mm,-80.493400mm,Top,180.000000
R13,146.033600mm,-88.903400mm,Top,90.000000
R14,152.830400mm,-65.175700mm,Top,180.000000
R15,159.744400mm,-63.098700mm,Top,90.000000
R16,160.803600mm,-94.871400mm,Top,-90.000000
R17,162.253600mm,-93.243400mm,Top,180.000000
R26,144.303600mm,-96.493400mm,Top,180.000000
R48,119.045600mm,-96.953400mm,Top,-90.000000
R100,138.684000mm,-80.137000mm,Top,180.000000
R101,135.253600mm,-79.643400mm,Top,-90.000000
R102,139.750800mm,-86.623400mm,Top,90.000000
R104,133.781800mm,-86.512400mm,Top,90.000000
R109,156.634600mm,-84.927400mm,Top,90.000000
R300,141.603600mm,-58.893400mm,Top,180.000000
R301,141.603600mm,-60.493400mm,Top,0.000000
R302,140.703600mm,-63.543400mm,Top,180.000000
R315,156.803600mm,-124.643400mm,Top,90.000000
R316,156.978600mm,-126.673400mm,Top,90.000000
R317,156.982600mm,-128.656400mm,Top,-90.000000
R318,162.233600mm,-126.043400mm,Top,90.000000
R319,163.203600mm,-126.043400mm,Top,-90.000000
R322,165.800000mm,-130.660000mm,Top,0.000000
R323,148.250000mm,-112.250000mm,Top,0.000000
R324,161.053600mm,-123.200000mm,Top,90.000000
R902,162.560000mm,-65.836800mm,Top,0.000000
R905,142.396600mm,-88.915400mm,Top,90.000000
RN201,124.822600mm,-95.566400mm,Top,270.000000
SW1,131.533600mm,-139.993400mm,Top,90.000000
SW2,136.353600mm,-139.993400mm,Top,90.000000
SW5,126.698600mm,-139.993400mm,Top,90.000000
U1,133.850000mm,-65.950000mm,Top,0.000000
U2,138.768600mm,-67.444400mm,Top,-90.000000
U3,132.895600mm,-76.326400mm,Top,90.000000
U4,143.522600mm,-76.358400mm,Top,90.000000
U5,147.656600mm,-83.868400mm,Top,135.000000
U6,160.153600mm,-97.293400mm,Top,0.000000
U7,157.505400mm,-66.150700mm,Top,180.000000
U8,134.597600mm,-96.316400mm,Top,90.000000
U9,122.503600mm,-90.543400mm,Top,0.000000
U10,120.903600mm,-100.043400mm,Top,90.000000
U11,123.203600mm,-62.343400mm,Top,0.000000
U13,136.203600mm,-83.243400mm,Top,180.000000
U301,144.803600mm,-111.943400mm,Top,90.000000
U302,159.603600mm,-127.043400mm,Top,0.000000
U303,150.067600mm,-102.392400mm,Top,270.000000
U402,139.823600mm,-119.763400mm,Top,0.000000
U403,155.200000mm,-140.241000mm,Top,180.000000
Y1,147.003600mm,-98.043400mm,Top,90.000000
