ref,class,side,x,y,value,dnp,sensitivity,anchor,max_mm,gap_mm,nets,partners,demand_now_mm,best_x,best_y,saving_best_mm,free_x,free_y,free_rot,saving_free_mm,longest_conn_mm,keep_reason
D12,OK,F,150.5,89.84,PMEG6030EP,False,low,U8.20,15.0,5.74,+3V0_REF +3V3_A,C51 TP8,8.0,145.73,90.66,5.7,149.23,90.66,90,2.8,6.2,
C20,OK,F,138.67,76.64,1uF,False,medium,U3.8,5.0,4.078,+3V3_A,C105,4.6,133.81,77.47,4.4,135.56,77.22,90,2.8,5.9,
TP1,OK,F,146.6,69.95,VRMS_DIAG,False,low,net:VRMS_DIAG,15.0,,VRMS_DIAG,U2,7.7,139.02,68.88,7.7,134.02,69.13,0,2.7,7.7,
U403,OK,F,155.2,140.24,TCA9517ADGKR,False,,,,,+3V3_D +3V3_EXP EXP_I2C_SCL EXP_I2C_SDA I2C_SCL I2C_SDA,C409 J11 R418 U701,28.5,154.57,139.08,3.6,151.57,140.33,0,2.7,16.5,
R24,OK,B,138.4,94.5,100k 0.1%,False,low,U8.16,12.0,1.848,+5V_A Net-(U8-PC1),C61 U5,18.4,142.13,93.91,3.1,145.63,89.91,90,2.6,17.1,
R11,OK,F,137.2,76.94,33R 1%,False,low,C21.1,15.0,8.695,ADC_EREF EREF_BUF,C21 R101,13.0,136.42,83.14,6.2,136.42,77.89,0,2.4,9.4,
C28,OK,F,159.3,94.08,10uF,False,medium,U6.3,5.0,3.787,VSYS,U6,4.4,159.25,98.54,4.4,156.25,101.29,0,2.0,27.3,
TP304,OK,B,127.45,120.82,POGO_VBUS,False,low,net:VBUS,15.0,,VBUS,D301,3.8,127.45,124.6,3.8,124.2,126.6,0,1.9,3.8,
TP10,OK,F,149.33,65.46,+5V_A,False,low,net:+5V_A,15.0,,+5V_A,FL1,3.6,145.8,64.6,3.6,147.55,64.6,0,1.9,4.1,
TP11,OK,B,147.8,127.2,+3V3_D,False,low,net:+3V3_D,15.0,,+3V3_D,R439,3.3,144.62,126.14,3.3,146.12,125.64,0,1.8,10.9,
R46,OK,B,137.55,100.3,1k 1%,False,,,,,RECORD_N RECORD_N_MCU,C67 SW1,42.2,134.66,120.51,3.1,136.16,116.26,0,1.8,39.9,
C304,OK,B,126.8,116.99,10uF,False,low,J10.A4,20.0,7.113,VBUS,TP304,3.8,126.45,120.82,3.8,123.95,127.07,90,1.6,16.2,
R51,OK,B,149.94,115.27,100k 0.1%,False,low,J4.30,15.0,8.21,LCD_RST,J4,9.4,145.25,123.47,9.2,146.0,115.47,0,1.3,27.5,
TP302,OK,F,163.62,128.47,BAL_OVP,False,low,net:BAL_OVP,15.0,,BAL_OVP,U302,3.5,161.05,126.07,3.5,162.8,128.07,0,0.9,3.5,
R902,OK,F,162.56,65.84,1R,False,low,U7.4,10.0,1.4,VSYS VSYS_LDO,C29 U7,4.5,160.46,66.34,3.3,161.21,65.34,90,0.9,2.4,
R3,OK,F,136.2,70.7,22.6k,False,high,R5.1,2.0,,EREF_RAW Net-(U3A-+),TP2 U3,6.6,134.39,73.41,4.0,134.39,71.41,90,0.7,4.5,
C314,OK,F,145.5,104.0,10uF,False,medium,U301.25,8.0,5.617,VSYS,C318,4.1,143.2,107.34,4.0,145.2,104.34,90,0.5,8.1,
TP301,OK,B,145.09,119.76,CHG_STAT,False,low,net:CHG_STAT,15.0,,CHG_STAT,R312,4.0,142.65,116.59,4.0,143.9,119.84,0,0.5,4.0,
R312,OK,B,142.65,117.1,10k,False,low,U301.1,15.0,2.177,CHG_STAT REGN,U301,7.1,144.0,113.84,5.2,143.25,117.84,0,0.3,4.3,
C308,OK,F,143.0,105.44,10uF,False,medium,U301.29,8.0,5.85,Net-(U301-PMID),U301,6.5,143.08,111.84,6.4,143.08,105.59,90,0.2,6.5,
D204,OK,B,131.0,117.59,NSI45020A,False,low,J4.37,25.0,20.381,LCD_BL_SW LCD_LED_K4,D203 J4,26.4,149.26,117.61,19.1,,,,0.0,21.2,
Q301,OK,F,158.54,108.33,AO3400A,False,low,U301.24,25.0,13.986,CHG_BAT SDRV VBAT_PACK,R314 U301,15.7,146.83,107.96,12.4,,,,0.0,14.4,
R423,OK,B,138.17,138.14,33R,False,medium,J11.9,6.0,3.582,EXP_MISO_MCU EXP_SPI_MISO,D401 U8,50.0,134.8,121.73,6.6,,,,0.0,48.0,
U9,OK,F,122.5,90.54,APS6404L-3SQR-SN,False,,,,,+3V3_D Net-(U9-SCLK) PSRAM_CS_N PSRAM_IO0_RAM PSRAM_IO1_RAM PSRAM_IO2_RAM PSRAM_IO3_RAM,C64 R39 R40 R64 RN60,46.5,123.75,95.55,5.3,122.5,90.55,90,0.0,20.4,
R427,OK,B,140.14,137.14,330R,False,medium,J11.15,5.0,2.644,EXP_CS1_N_MCU EXP_SPI_CS1_N,R437 U8,47.6,132.26,109.23,4.8,,,,0.0,46.6,
R425,OK,B,138.09,137.14,330R,False,medium,J11.13,5.0,2.583,EXP_CS0_N_MCU EXP_SPI_CS0_N,D401 U8,49.2,134.55,117.73,4.6,,,,0.0,48.0,
R431,OK,B,142.14,137.14,330R,False,medium,J11.31,5.0,2.644,EXP_RST_N EXP_RST_N_MCU,R438 U8,34.6,141.38,125.57,4.4,,,,0.0,33.6,
C14,OK,F,148.42,75.4,1uF,False,medium,U4.8,5.0,3.03,+3V3_A,C13,3.8,138.49,82.56,3.7,,,,0.0,3.8,
C317,OK,F,138.32,107.82,10uF,False,medium,U301.25,8.0,3.936,VSYS,C313,3.7,142.0,107.34,3.7,138.25,107.34,90,-0.0,3.7,
Q302,OK,F,165.0,124.0,2N7002,False,low,U302.6,40.0,3.432,Net-(Q302-D) VBUS,R303 R319,22.8,151.6,118.73,3.4,,,,0.0,20.1,
U1,OK,F,133.85,65.95,TLV809EA46DBZR,False,,,,,+5V_RF Net-(U1-RESET_n),C1 U2,4.9,136.1,65.09,2.9,,,,0.0,3.4,
R16,OK,F,160.8,94.87,23.2k 1%,False,high,U6.8,3.0,0.442,+3V3_D Net-(U6-VOUT_FB),C41 U6,2.9,160.8,92.9,2.9,,,,0.0,3.6,
U4,OK,F,143.52,76.36,OPA2320,False,,,,,+3V3_A Net-(U4A-+) Net-(U4A--) Net-(U4B-+) VENV_BUF,C11 C13 C18 C19 R12 R6 R8,13.3,144.93,75.72,2.9,,,,0.0,5.9,
F1,OK,B,163.05,126.8,MF-MSMF150/24X-2,False,low,J2.1,25.0,8.392,PACK_FUSED PACK_RAW,Q303 R315,9.6,159.93,128.85,2.9,,,,0.0,6.3,
R42,OK,B,158.53,111.49,4.7k 1%,False,low,J8.4,15.0,0.025,+3V3_UI TP_SDA,J8 R208,4.7,158.2,113.82,2.9,,,,0.0,35.8,
R319,OK,F,163.2,126.04,470k,False,low,U302.6,15.0,1.453,B_VDD Net-(Q302-D),R318 U302,3.3,161.14,126.95,2.8,,,,0.0,2.7,
C311,OK,B,140.9,110.76,47nF,False,high,U301.26,3.0,1.931,Net-(U301-BTST2) Net-(U301-SW2),L301 U301,4.6,144.45,110.42,2.8,,,,0.0,3.9,
R315,OK,F,156.8,124.64,160R,False,medium,U302.1,4.0,1.608,B_VC2 PACK_RAW,C322 F1,7.7,160.6,124.53,2.7,,,,0.0,6.3,
R4,OK,F,139.49,71.53,2.26k,False,high,R6.1,2.0,0.624,Net-(C11-Pad1) VENV_RAW,R6 TP3,3.4,141.12,71.09,2.7,,,,0.0,2.1,
C41,OK,F,160.8,92.9,22pF,False,high,U6.8,3.0,2.433,+3V3_D Net-(U6-VOUT_FB),R16 R17,2.9,160.77,94.8,2.7,,,,0.0,6.0,
C326,OK,F,148.1,104.88,1uF,False,medium,U303.1,4.0,2.66,VBAT_PACK,R313,2.9,145.88,106.97,2.7,,,,0.0,9.9,
TP8,OK,F,150.65,86.15,+3V0_REF,False,low,net:+3V0_REF,15.0,,+3V0_REF,D12,2.7,148.94,88.28,2.7,,,,0.0,2.7,
C11,OK,F,144.14,71.53,510p,False,medium,U4.1,3.0,0.683,Net-(C11-Pad1) Net-(U4A--),R6 U4,5.5,142.42,73.26,2.6,,,,0.0,3.5,
R8,OK,F,146.91,73.91,1.33k,False,medium,U4.1,3.0,0.94,Net-(C18-Pad1) Net-(U4A--),C18 U4,3.9,145.33,74.91,2.6,,,,0.0,2.3,
C66,OK,F,124.1,103.51,1uF,False,high,U10.1,2.0,1.357,+3V3_D,U10,2.7,119.04,96.99,2.6,,,,0.0,2.9,
R205,OK,B,120.0,103.59,10k 1%,False,low,J4.7,30.0,24.14,+3V3_UI,U10,2.6,120.27,100.99,2.6,,,,0.0,23.8,
R305,OK,B,146.85,112.2,6.04k,False,low,U301.20,8.0,1.95,PROG,U301,2.6,144.8,110.54,2.6,,,,0.0,2.6,
C312,OK,F,147.93,115.18,4.7uF,False,high,U301.5,2.0,1.883,REGN,U301,2.7,145.8,113.84,2.5,,,,0.0,2.7,
R209,OK,B,155.37,108.52,100k 1%,False,low,Q201.2,10.0,0.526,Net-(Q201-G) Net-(Q201-S),Q201 R210,2.8,156.43,109.43,2.4,,,,0.0,5.6,
R434,OK,B,137.1,102.28,100R,False,medium,U8.93,10.0,0.13,EXP_SYNC EXP_SYNC_MCU,J11 U8,33.8,140.88,118.74,2.4,,,,0.0,32.6,
R13,OK,F,146.03,88.9,1R,False,medium,U5.6,4.0,3.134,+3V0_REF Net-(C25-Pad1),C25 D12,4.7,144.24,87.04,2.3,,,,0.0,3.8,
C39,OK,F,161.38,105.78,22uF,False,medium,L1.2,4.0,1.115,+3V3_D,L1,2.3,161.43,103.45,2.3,,,,0.0,3.6,
C36,OK,F,153.06,68.6,22uF,False,critical,U7.10,1.5,0.675,+5V_A,U7,2.3,155.36,68.63,2.3,,,,0.0,4.1,
R311,OK,B,139.56,91.82,10k,False,low,U301.21,30.0,18.047,+3V3_D CHG_INT_N,U8,5.5,141.19,89.73,2.3,,,,0.0,7.4,
TP305,OK,B,128.93,127.51,POGO_D+,False,medium,net:USB_DP,2.0,,USB_DP,U304,2.3,129.89,125.39,2.3,,,,0.0,3.7,
C67,OK,B,139.0,101.03,100nF,False,medium,U8.2,5.0,1.742,RECORD_N_MCU,R46,2.3,137.05,99.79,2.3,,,,0.0,2.9,
C310,OK,B,141.2,113.3,47nF,False,high,U301.28,3.0,1.679,Net-(U301-BTST1) Net-(U301-SW1),L301 U301,3.8,143.55,112.49,2.3,,,,0.0,2.8,
R300,OK,F,141.6,58.89,100R,False,medium,J300.1,6.0,2.462,CAL_IN,R301,2.3,144.78,57.99,2.2,,,,0.0,3.2,
Y1,OK,F,147.0,98.04,12MHz 3.3V CMOS,False,high,U8.11,6.0,2.736,+3V3_D Net-(Y1-OUT),C93 R26,5.3,143.17,96.26,2.2,,,,0.0,9.9,
D201,OK,B,146.65,117.59,NSI45020A,False,low,J4.34,25.0,5.434,LCD_BL_SW LCD_LED_K1,D202 J4,9.1,149.38,120.08,2.2,,,,0.0,15.7,
R404,OK,B,124.67,137.44,2.2k,False,low,J11.3,20.0,12.415,+3V3_EXP,U401,2.3,124.4,135.19,2.2,,,,0.0,2.3,
R310,OK,B,148.3,112.2,10k,True,low,U301.16,10.0,1.34,BATT_NTC,R309,2.2,148.6,110.05,2.2,,,,0.0,14.9,
C34,OK,F,154.58,61.75,470nF,False,critical,U7.8,1.5,1.175,Net-(U7-SET),U7,2.1,155.36,63.68,2.1,,,,0.0,2.1,
C4,OK,F,137.35,64.7,100pF,False,high,U2.3,2.0,1.364,Net-(U2-FLT1),U2,2.1,139.02,66.01,2.1,,,,0.0,2.1,
TP2,OK,F,136.2,72.6,EREF_RAW,False,low,net:EREF_RAW,15.0,,EREF_RAW,R3,2.1,137.03,70.7,2.1,,,,0.0,2.1,
F201,OK,F,152.9,102.53,200mA PTC,False,low,Q201.2,15.0,5.225,Net-(Q201-S) VSYS,C30 R209,9.9,155.68,103.88,2.1,,,,0.0,8.1,
C322,OK,F,158.63,124.64,100nF,False,high,U302.1,2.0,0.94,B_VC1 B_VC2,TP308 U302,3.3,158.28,126.48,2.1,,,,0.0,2.3,
R12,OK,F,141.1,80.49,33R 1%,False,low,C22.1,15.0,5.962,ADC_VENV VENV_BUF,C22 U4,9.2,138.94,83.81,2.1,,,,0.0,6.8,
D301,OK,B,126.75,124.6,TPD1E10B06DYAR,False,high,J10.A4,3.0,1.186,VBUS,J10,2.2,127.24,117.01,2.1,,,,0.0,3.8,
C60,OK,F,125.98,86.43,10uF 16V X7R,False,low,U8.50,15.0,1.738,+3V3_D,C55,2.1,127.7,87.54,2.0,,,,0.0,5.3,
C320,OK,F,147.62,107.77,10uF,False,medium,U301.22,5.0,2.837,CHG_BAT,C319,2.0,145.61,107.72,2.0,,,,0.0,10.8,
TP5,OK,F,148.01,77.98,VENV_BUF,False,low,net:VENV_BUF,15.0,,VENV_BUF,C18,2.0,146.16,77.13,2.0,,,,0.0,2.0,
C319,OK,F,145.61,107.77,10uF,False,high,U301.22,3.0,0.938,CHG_BAT,C320,2.0,147.62,107.72,2.0,,,,0.0,2.1,
R318,OK,F,162.23,126.04,100R,False,medium,U302.7,4.0,0.858,B_VDD VBAT_PACK,Q303 R319,5.1,161.15,127.6,2.0,,,,0.0,19.4,
C307,OK,F,144.6,117.29,10uF,False,medium,U301.29,8.0,2.918,Net-(U301-PMID),C309,2.1,143.08,115.94,2.0,,,,0.0,2.1,
R6,OK,F,141.82,72.28,2.26k,False,high,U4.3,2.0,0.683,Net-(C11-Pad1) Net-(U4A-+),R4 U4,3.5,140.35,72.8,2.0,,,,0.0,3.5,
C12,OK,F,140.24,73.84,470p,False,high,U4.3,2.0,1.479,Net-(U4A-+),U4,2.2,141.7,72.25,2.0,,,,0.0,2.2,
C24,OK,F,143.74,82.27,1uF 25V film,False,high,U5.5,1.5,0.088,Net-(U5-Trim{slash}NR),U5,2.1,145.56,83.27,2.0,,,,0.0,2.1,
C408,OK,B,140.18,90.34,100nF,False,medium,U8.18,3.0,2.746,EXP_3V3_SNS,R415,2.0,141.27,92.02,2.0,,,,0.0,2.0,
C65,OK,F,121.57,86.07,1uF,False,high,U9.8,2.0,0.55,+3V3_D,U9,2.0,128.6,88.57,1.9,,,,0.0,23.9,
TP3,OK,F,141.25,69.9,VENV_RAW,False,medium,net:VENV_RAW,2.0,,VENV_RAW,R4,1.9,139.49,70.7,1.9,,,,0.0,1.9,
C6,OK,F,142.05,66.18,1nF,False,high,U2.16,2.0,0.65,+5V_RF Net-(U2-FLT2),C8 U2,2.6,141.1,66.91,1.9,,,,0.0,1.5,
C316,OK,F,154.35,95.24,10uF,False,low,U301.25,25.0,18.7,VSYS,C315,2.0,154.3,97.24,1.9,,,,0.0,2.0,
TP308,OK,F,158.4,122.9,B_VC1,False,low,net:BATT_MID,15.0,,B_VC1,C322,1.9,159.11,124.64,1.9,,,,0.0,1.9,
C48,OK,F,144.88,91.36,100nF,False,high,U8.21,2.5,1.5,+3V3_A,C51,1.9,146.8,91.67,1.9,,,,0.0,2.6,
TP303,OK,F,160.1,131.5,VBAT_PACK,False,low,net:VBAT_PACK,15.0,,VBAT_PACK,C904,1.9,161.95,131.48,1.9,,,,0.0,1.9,
C26,OK,F,143.58,86.47,100nF,False,high,U5.6,2.0,0.318,+3V0_REF,U5,1.9,144.96,85.17,1.9,,,,0.0,3.5,
R441,OK,B,138.6,125.47,10k,False,,,,,+3V3_EXP EXP_INT0_N,R426 R442,2.5,139.5,124.62,1.9,,,,0.0,4.3,
R64,OK,B,141.45,103.62,33R 1%,False,medium,U8.1,5.0,0.675,PSRAM_IO2_MCU PSRAM_IO2_RAM,U8 U9,21.7,132.71,97.67,1.9,,,,0.0,20.4,
R39,OK,B,134.0,91.74,33R 1%,False,high,U8.36,3.0,1.449,Net-(U9-SCLK) PSRAM_CLK_MCU,U8 U9,14.5,129.37,88.35,1.9,,,,0.0,11.8,
C905,OK,B,151.85,128.14,1nF 50V C0G,False,high,J2.4,3.0,0.715,BATT_NTC,J2,1.9,152.97,126.62,1.9,,,,0.0,1.9,
C18,OK,F,146.16,76.36,1.2n,False,medium,U4.7,3.0,1.592,Net-(C18-Pad1) VENV_BUF,R8 TP5,4.3,147.87,75.94,1.8,,,,0.0,5.3,
C35,OK,F,162.1,97.69,100nF,False,critical,U6.5,1.5,0.44,Net-(U6-BOOT) Net-(U6-SW),U6,2.2,161.03,97.79,1.8,,,,0.0,1.1,
C49,OK,F,129.27,85.89,2.2uF,False,high,U8.48,2.5,0.725,VCAP,U8,2.0,129.6,87.64,1.8,,,,0.0,2.0,
C23,OK,F,152.23,80.97,1uF,False,high,U5.2,2.0,0.422,+5V_A,C902,2.0,151.28,79.35,1.8,,,,0.0,2.3,
L1,OK,F,160.43,102.26,4.7uH,False,high,U6.5,3.0,2.092,+3V3_D Net-(U6-SW),C39 U6,5.2,160.13,97.99,1.8,,,,0.0,6.0,
C7,OK,F,142.05,68.22,100nF,False,medium,U2.14,3.0,0.649,+5V_RF Net-(U2-FLT4),C901 U2,2.5,141.03,67.43,1.8,,,,0.0,1.5,
TP12,OK,F,153.6,85.44,+3V3_A,False,low,net:+3V3_A,15.0,,+3V3_A,C44,1.8,155.4,85.72,1.8,,,,0.0,10.6,
C602,OK,B,140.0,98.86,10pF C0G,False,critical,U8.9,2.0,0.714,Net-(U8-PC15),Y2,1.9,141.65,98.04,1.8,,,,0.0,1.9,
R52,OK,B,153.28,106.58,100k 0.1%,False,low,Q203.1,10.0,0.725,Net-(Q203-G),Q203,1.9,153.45,108.52,1.8,,,,0.0,1.9,
C601,OK,B,139.99,99.86,10pF C0G,False,critical,U8.8,2.0,0.928,Net-(U8-PC14),Y2,1.8,141.65,99.14,1.8,,,,0.0,1.8,
C105,OK,F,140.08,81.97,1uF,False,high,U13.4,2.0,0.802,+3V3_A,U13,1.7,134.64,78.49,1.7,,,,0.0,4.6,
C8,OK,F,141.51,65.12,1nF,False,high,U2.1,2.0,1.117,+5V_RF Net-(U2-FLT3),C6 U2,2.9,140.02,66.09,1.7,,,,0.0,1.8,
R317,OK,F,156.98,128.66,100R,False,low,U302.3,8.0,1.418,BATT_MID B_VCB,R316 U302,3.1,157.57,127.28,1.7,,,,0.0,2.1,
C30,OK,F,155.55,99.23,10uF,False,high,U6.4,3.0,1.983,VSYS,C33,1.8,158.36,98.01,1.7,,,,0.0,4.4,
C402,OK,F,156.5,135.2,10uF,False,low,J11.37,15.0,10.565,+3V3_EXP,C410,1.8,156.72,136.9,1.7,,,,0.0,11.7,
C51,OK,F,146.8,92.94,1uF,False,medium,U8.21,5.0,3.256,+3V3_A,C48,1.9,144.88,92.84,1.7,,,,0.0,5.3,
C321,OK,B,143.0,108.5,1nF,True,low,U301.24,10.0,0.933,SDRV,U301,1.7,143.7,110.08,1.7,,,,0.0,1.7,
C70,OK,B,140.21,101.97,100nF,False,medium,U8.3,5.0,0.536,MARK_N_MCU,U8,1.7,141.77,101.32,1.7,,,,0.0,1.7,
C38,OK,F,156.16,70.59,10uF,False,medium,U7.12,5.0,1.886,+5V_A,C40,1.6,156.62,69.01,1.6,,,,0.0,10.1,
C50,OK,F,143.84,97.94,100nF,False,high,U8.11,2.5,0.458,+3V3_D,U8,1.6,142.27,97.82,1.6,,,,0.0,2.9,
C900,OK,F,157.4,94.77,47pF 50V C0G,False,high,U6.1,2.0,1.53,BUCK_SYNC,TP900,1.6,156.68,93.3,1.6,,,,0.0,2.1,
C52,OK,F,125.12,100.54,2.2uF,False,high,U8.73,2.5,0.525,VCAP,U8,1.8,126.92,100.32,1.6,,,,0.0,1.8,
C31,OK,F,159.05,70.76,22uF 25V,False,high,U7.1,3.0,0.739,VSYS_LDO,U7,1.6,159.66,69.28,1.6,,,,0.0,1.6,
C25,OK,F,144.53,88.74,4.7uF,False,medium,U5.6,6.0,1.284,Net-(C25-Pad1),R13,1.6,146.03,89.39,1.6,,,,0.0,1.6,
C15,OK,F,133.8,79.99,100nF,False,high,U3.8,1.5,0.432,+3V3_A,U3,1.6,133.37,78.44,1.6,,,,0.0,4.2,
R905,OK,F,142.4,88.92,330R 1%,False,medium,U8.25,5.0,0.471,TP_RST TP_RST_MCU,J8 U8,31.0,150.99,101.65,1.6,,,,0.0,30.1,
R14,OK,F,152.83,65.18,49.9k,False,critical,U7.8,1.5,0.575,Net-(U7-SET),U7,1.7,153.86,63.18,1.6,,,,0.0,1.7,
C315,OK,F,154.35,97.24,10uF,False,low,U301.25,25.0,17.14,VSYS,C33,1.6,158.36,98.01,1.6,,,,0.0,2.0,
C33,OK,F,156.86,96.73,100nF,False,high,U6.3,2.0,1.622,VSYS,C315,1.6,159.3,97.24,1.6,,,,0.0,2.4,
FB1,OK,F,158.6,86.54,600R@100MHz 500mA,False,medium,PARTITION(+3V3_D/+3V3_A),,,+3V3_A +3V3_D,C41 C45,7.4,158.74,89.84,1.6,,,,0.0,6.0,
TP900,OK,F,157.18,93.3,BUCK_SYNC,False,low,net:BUCK_SYNC,15.0,,BUCK_SYNC,C900,1.6,157.88,94.77,1.6,,,,0.0,20.2,
C29,OK,F,161.26,67.33,100nF,False,high,U7.2,2.0,0.574,VSYS_LDO,U7,1.6,159.66,67.63,1.6,,,,0.0,2.1,
R306,OK,B,148.15,108.1,51k,False,low,U301.17,8.0,1.831,ILIM_HIZ REGN,R307 R308,2.8,146.99,108.62,1.6,,,,0.0,1.4,
R415,OK,B,141.27,92.01,100k,False,medium,U8.18,5.0,0.88,EXP_3V3_SNS,U8,1.6,142.27,93.32,1.6,,,,0.0,2.0,
RN401,OK,B,141.55,125.69,330R x4,False,,,,,EXP_DETECT_N EXP_DETECT_N_MCU EXP_INT1_N EXP_INT1_N_MCU EXP_IO0 EXP_IO0_MCU EXP_IO1 EXP_IO1_MCU,D405 R442 U8,103.9,140.37,120.64,1.6,,,,0.0,34.8,
C42,OK,F,155.48,103.92,22uF,False,medium,L1.2,4.0,1.8,+3V3_D,C903,1.5,155.87,105.35,1.5,,,,0.0,9.9,
C409,OK,F,152.9,137.9,100nF,False,medium,U403.1,3.0,0.806,+3V3_D,U403,1.5,153.59,139.27,1.5,,,,0.0,3.6,
FL1,OK,F,145.0,64.6,NFM18PC104R1C3D,False,critical,SHIELD_RING,,,+5V_A +5V_RF,C5 TP10,5.5,146.59,65.94,1.5,,,,0.0,3.6,
C93,OK,F,146.58,100.64,100nF,False,high,Y1.4,1.5,0.59,+3V3_D,Y1,1.6,146.68,99.09,1.5,,,,0.0,5.7,
C306,OK,F,140.63,115.36,10uF,False,high,U301.29,3.0,1.769,Net-(U301-PMID),C309,1.6,142.08,114.94,1.5,,,,0.0,1.6,
C21,OK,F,137.59,86.66,2.2nF 50V C0G,False,critical,U8.32,1.5,0.418,ADC_EREF,U8,1.5,137.6,88.14,1.5,,,,0.0,9.4,
C603,OK,F,143.81,100.43,100nF,False,medium,U8.6,3.0,0.432,VBAT_RTC,U8,1.5,142.27,100.32,1.5,,,,0.0,7.0,
C903,OK,F,156.87,105.83,100nF,False,medium,L1.2,5.0,1.917,+3V3_D,C42,1.5,160.43,103.92,1.5,,,,0.0,3.6,
C410,OK,F,157.2,137.9,100nF,False,medium,U403.8,3.0,0.806,+3V3_EXP,U403,1.5,157.81,139.27,1.5,,,,0.0,1.8,
C22,OK,F,138.68,86.66,2.2nF 50V C0G,False,critical,U8.30,1.5,0.417,ADC_VENV,U8,1.5,138.6,88.14,1.5,,,,0.0,6.8,
R321,OK,B,126.29,129.2,5.23k,False,low,J10.B5,10.0,0.564,CC2,J10,1.6,124.74,129.21,1.5,,,,0.0,6.6,
R408,OK,B,141.6,116.42,470k,False,high,U402.8,3.0,0.363,EXP_VHP_OVLO VSYS,U301 U402,6.4,143.31,113.45,1.5,,,,0.0,7.1,
R25,OK,B,138.58,96.12,100k 0.1%,False,low,U8.16,12.0,1.8,Net-(U8-PC1),R24,1.6,138.22,94.5,1.5,,,,0.0,1.6,
C19,OK,F,140.24,78.87,470p,False,high,U4.5,2.0,0.829,Net-(U4B-+),U4,1.6,141.55,78.47,1.4,,,,0.0,1.7,
C37,OK,F,162.35,95.27,1uF,False,critical,U6.7,1.5,0.675,BUCK_VCC,U6,1.6,161.05,96.04,1.4,,,,0.0,1.6,
L301,OK,F,139.7,111.94,1uH,False,high,U301.26,3.0,1.209,Net-(U301-SW1) Net-(U301-SW2),C310 C311,1.7,140.57,112.03,1.4,,,,0.0,1.0,
C325,OK,F,158.93,129.64,330nF,False,medium,U302.4,5.0,0.975,Net-(U302-CD),U302,1.6,159.15,128.02,1.4,,,,0.0,1.6,
R409,OK,B,143.6,116.42,64.9k,False,high,U402.8,3.0,0.363,EXP_VHP_OVLO,U402,1.4,142.52,117.36,1.4,,,,0.0,1.4,
R402,OK,B,119.69,133.29,100k,False,low,U401.3,10.0,0.492,EXP_3V3_EN,U401,1.4,121.13,133.29,1.4,,,,0.0,1.4,
R424,OK,B,127.43,96.09,33R,False,medium,U8.64,10.0,0.254,EXP_TMR1 EXP_TMR1_MCU,D404 U8,33.6,132.79,112.02,1.4,,,,0.0,32.9,
C203,OK,B,136.25,124.43,47pF 50V C0G,False,medium,J4.10,3.0,0.61,LCD_CS_N,J4,1.4,136.25,122.97,1.4,,,,0.0,1.4,
R307,OK,B,145.69,108.1,20k,False,low,U301.17,8.0,1.323,ILIM_HIZ,R306,1.4,147.14,108.1,1.4,,,,0.0,2.0,
R401,OK,B,125.31,133.53,45.3k,False,high,U401.5,2.0,0.427,Net-(U401-ILIM),U401,1.4,123.9,133.74,1.4,,,,0.0,1.4,
C17,OK,F,129.63,78.84,10n,False,high,U3.5,2.0,0.817,Net-(U3A-+),U3,1.6,130.92,78.44,1.3,,,,0.0,1.6,
C303,OK,F,146.95,117.65,10uF,False,low,U301.9,10.0,2.054,VBUS,R303,1.3,148.0,116.91,1.3,,,,0.0,1.3,
D300,OK,F,145.71,58.09,PESD5V0H1BSF,False,high,J300.1,1.5,0.688,CAL_IN,J300,1.4,141.0,61.74,1.3,,,,0.0,3.2,
C200,OK,F,133.98,121.89,1uF,False,medium,J4.7,5.0,0.562,+3V3_UI,C201,1.6,134.25,123.37,1.3,,,,0.0,23.8,
C100,OK,F,157.2,82.24,22uF,False,low,FB1.2,10.0,2.375,A3V3_DAMP,R109,1.3,156.63,83.42,1.3,,,,0.0,1.4,
C104,OK,F,133.63,81.38,100nF,False,high,U13.9,1.5,0.472,ADC_REFCAP,U13,1.3,134.77,81.99,1.3,,,,0.0,1.3,
R322,OK,F,165.8,130.66,100k 1%,False,low,Q303.1,10.0,0.72,Net-(Q303-G),Q303,1.3,164.5,130.66,1.3,,,,0.0,1.3,
C327,OK,F,150.86,99.18,4.7uF,False,high,U303.5,2.0,0.733,VBAT_RTC,U303,1.5,151.21,100.44,1.3,,,,0.0,7.0,
C1,OK,F,135.18,63.4,100nF,False,high,U1.3,2.0,0.554,+5V_RF,U1,1.5,141.85,64.31,1.3,,,,0.0,5.9,
C206,OK,F,148.03,121.84,1uF,False,medium,J4.38,5.0,1.064,LCD_LED_A,FB201,1.4,149.3,123.39,1.3,,,,0.0,2.2,
C45,OK,F,156.67,87.74,100nF,False,medium,FB1.2,5.0,0.401,+3V3_A,FB1,1.4,157.82,87.04,1.3,,,,0.0,1.4,
C3,OK,F,142.05,67.2,100pF,False,critical,U2.15,1.0,0.643,+5V_RF,U2,1.4,140.71,67.19,1.3,,,,0.0,1.4,
R904,OK,B,142.37,89.61,330R 1%,False,medium,U8.24,5.0,0.273,LCD_RST LCD_RST_MCU,R51 U8,28.2,144.02,95.54,1.3,,,,0.0,27.5,
R303,OK,B,148.0,115.4,100k,False,low,U8.7,25.0,15.839,VBUS,C303,1.3,146.95,116.2,1.3,,,,0.0,20.1,
C401,OK,B,119.78,135.19,100nF,False,high,U401.1,2.0,0.424,+3V3_D,U401,1.4,121.13,135.19,1.3,,,,0.0,1.4,
R901,OK,B,137.0,91.5,1k 1%,False,medium,U8.35,5.0,1.35,BUCK_SYNC BUCK_SYNC_MCU,TP900 U8,22.7,146.64,90.97,1.3,,,,0.0,20.2,
C404,OK,B,136.33,121.11,100nF,False,high,U402.4,2.0,0.455,VSYS,U402,1.3,137.12,122.17,1.3,,,,0.0,7.1,
C412,OK,B,141.88,96.84,1nF,False,high,U8.15,2.0,1.067,EXP_ANA_MON_MCU,R435,1.3,140.9,97.64,1.3,,,,0.0,1.8,
R407,OK,B,135.46,119.7,100k,False,low,U402.3,10.0,0.131,EXP_VHP_EN,U402,1.3,136.62,120.4,1.3,,,,0.0,24.2,
C53,OK,F,141.33,87.12,100nF,False,high,U8.27,2.5,0.797,+3V3_D,R102,1.3,132.25,90.13,1.2,,,,0.0,1.3,
C324,OK,F,161.0,124.64,100nF,False,high,U302.7,2.0,1.59,B_VDD,R318,1.2,162.73,125.53,1.2,,,,0.0,1.2,
C59,OK,F,145.1,93.89,1uF,False,medium,U8.20,5.0,1.556,+3V0_REF,C56,1.3,142.34,93.53,1.2,,,,0.0,3.8,
C44,OK,F,155.4,84.94,1uF,False,low,FB1.2,8.0,1.5,+3V3_A,R109,1.3,156.63,86.44,1.2,,,,0.0,1.8,
C40,OK,F,155.14,69.01,100nF,False,medium,U7.12,3.0,0.726,+5V_A,U7,1.3,154.86,67.78,1.2,,,,0.0,1.6,
C5,OK,F,143.85,67.2,1uF,False,medium,U2.15,4.0,2.741,+5V_RF,C6,1.3,142.53,69.18,1.2,,,,0.0,1.9,
C103,OK,F,132.59,83.06,1uF,False,critical,U13.11,1.5,0.541,ADC_REFIO,U13,1.5,133.77,83.49,1.2,,,,0.0,1.5,
C106,OK,F,139.81,83.46,1uF,False,high,U13.3,1.5,0.532,Net-(U13-REGCAP),U13,1.5,138.64,82.99,1.2,,,,0.0,1.5,
C313,OK,F,141.05,108.34,10uF,False,high,U301.25,3.0,1.878,VSYS,C318,1.2,142.2,108.34,1.2,,,,0.0,3.7,
C56,OK,F,143.84,93.51,100nF,False,high,U8.20,2.5,0.454,+3V0_REF,C59,1.3,145.1,93.62,1.2,,,,0.0,1.6,
C61,OK,B,138.92,93.24,100nF,False,medium,U8.16,3.0,2.107,Net-(U8-PC1),R24,1.3,138.72,94.5,1.2,,,,0.0,1.3,
C47,OK,B,129.08,87.44,100nF,False,medium,U8.50,4.0,0.09,+3V3_D,U8,1.2,129.1,88.64,1.2,,,,0.0,1.2,
C107,OK,F,139.83,84.96,1uF,False,high,U13.2,2.0,1.028,ADC_VLOGIC,R102,1.3,138.25,83.61,1.1,,,,0.0,2.0,
C101,OK,F,136.2,80.19,2.2nF 50V C0G,False,critical,U13.6,1.0,0.44,ADC_AIN_EREF,R101,1.1,135.25,79.65,1.1,,,,0.0,1.2,
R301,OK,F,141.6,60.49,100R,False,medium,J300.1,6.0,4.713,CAL_IN,C300,1.2,146.28,56.66,1.1,,,,0.0,2.3,
R323,OK,F,148.25,112.25,100k 1%,False,low,U301.13,10.0,0.474,CHG_CE,U301,1.2,147.2,111.74,1.1,,,,0.0,16.9,
C323,OK,F,156.0,127.2,100nF,False,high,U302.2,2.0,1.415,B_VC1,R316,1.1,156.98,126.66,1.1,,,,0.0,1.1,
C64,OK,F,119.5,87.39,100nF,False,high,U9.8,2.0,0.49,+3V3_D,U9,1.1,120.6,87.57,1.1,,,,0.0,1.1,
R420,OK,B,125.31,99.02,33R,False,medium,U8.67,10.0,0.232,EXP_TMR0 EXP_TMR0_MCU,D404 U8,32.1,132.04,112.77,1.1,,,,0.0,30.8,
R440,OK,B,144.14,137.14,100k,False,low,J11.35,15.0,2.58,EXP_SYNC,D403,1.1,144.15,136.07,1.1,,,,0.0,1.1,
R309,OK,B,148.1,110.56,30.1k,False,low,U301.16,10.0,0.78,BATT_NTC,R308,1.1,148.81,109.65,1.1,,,,0.0,2.2,
C102,OK,F,137.3,80.19,2.2nF 50V C0G,False,critical,U13.5,1.0,0.44,ADC_AIN_VENV,R100,1.0,138.17,79.64,1.0,,,,0.0,1.2,
C32,OK,F,159.9,99.24,100nF,False,critical,U6.4,1.0,0.44,VSYS,U6,1.0,159.98,98.21,1.0,,,,0.0,1.0,
R903,OK,F,137.04,58.51,DNP,True,high,J1.1,1.5,0.802,Net-(J1-In),R1,1.2,138.0,58.24,1.0,,,,0.0,1.2,
C901,OK,F,143.34,69.16,100nF,False,high,U2.15,2.5,2.465,+5V_RF,C7,1.0,143.03,68.22,1.0,,,,0.0,1.0,
R316,OK,F,156.98,126.67,261R,False,medium,U302.2,4.0,0.444,BATT_MID B_VC1,C323 R317,2.1,156.49,127.43,1.0,,,,0.0,6.5,
C13,OK,F,145.49,79.04,100nF,False,high,U4.8,1.5,0.436,+3V3_A,U4,1.0,144.5,78.97,1.0,,,,0.0,10.6,
C407,OK,B,140.86,93.42,100nF,False,medium,U8.17,3.0,0.441,EXP_VHP_SNS,R413,1.0,141.77,93.02,1.0,,,,0.0,1.3,
C907,OK,B,143.73,92.01,1nF 50V C0G,False,high,U8.22,2.0,0.0,CHG_INT_N,U8,1.0,142.77,91.82,1.0,,,,0.0,18.1,
C910,OK,B,143.78,88.93,100pF 50V C0G,False,medium,U8.25,3.0,0.923,TP_RST_MCU,R905,1.0,142.9,89.43,1.0,,,,0.0,1.0,
C62,OK,B,136.39,112.39,100nF,False,medium,J3.4,3.0,0.12,+3V3_SD,J3,1.0,135.41,112.39,1.0,,,,0.0,1.0,
R438,OK,B,142.14,138.14,100k,False,low,J11.31,15.0,3.627,EXP_RST_N,R431,1.0,142.15,137.14,1.0,,,,0.0,1.0,
C701,OK,B,149.28,138.03,100nF,False,medium,U701.3,3.0,0.415,+3V3_D,U701,1.0,149.3,139.0,1.0,,,,0.0,10.9,
C403,OK,B,135.22,135.7,100nF,False,medium,J11.3,3.0,1.919,+3V3_EXP,R414,1.0,135.45,136.65,1.0,,,,0.0,3.0,
R413,OK,B,142.27,92.51,20k,False,medium,U8.17,5.0,0.88,EXP_VHP_SNS,C407,1.0,141.34,92.92,1.0,,,,0.0,1.0,
C54,OK,F,141.5,104.47,100nF,False,high,U8.100,2.5,0.44,+3V3_D,U8,0.9,140.6,104.49,0.9,,,,0.0,5.7,
C71,OK,F,125.47,62.34,100nF,False,medium,U11.5,3.0,0.432,+3V3_D,U11,0.9,124.59,62.34,0.9,,,,0.0,0.9,
C55,OK,F,127.7,88.06,100nF,False,high,U8.50,2.5,0.44,+3V3_D,U8,0.9,128.6,88.14,0.9,,,,0.0,2.1,
R17,OK,F,162.25,93.24,10k 1%,False,high,U6.8,3.0,2.573,Net-(U6-VOUT_FB),C41,0.9,161.3,93.38,0.9,,,,0.0,0.9,
D1,OK,F,139.22,64.95,PESD5V0H1BSF,False,high,U2.2,1.5,0.484,RFIN,U2,1.1,140.52,63.51,0.9,,,,0.0,1.1,
C58,OK,F,126.44,103.22,100nF,False,high,U8.75,2.5,0.44,+3V3_D,U8,0.9,126.42,102.32,0.9,,,,0.0,0.9,
R15,OK,F,159.74,63.1,1k 1%,False,medium,U7.6,3.0,0.447,LT5_ILIM,U7,0.9,159.66,64.03,0.9,,,,0.0,0.9,
C405,OK,B,137.85,118.15,47nF,False,medium,U402.2,4.0,0.0,Net-(U402-dV{slash}dT),U402,0.9,137.12,118.63,0.9,,,,0.0,0.9,
R403,OK,B,135.51,103.99,10k,False,low,U8.87,15.0,0.48,+3V3_D EXP_FAULT_N,R53 U8,4.2,134.92,102.37,0.9,,,,0.0,18.1,
C46,OK,B,142.29,94.41,100nF,False,high,U8.14,2.0,0.494,NRST,U8,0.9,142.27,95.32,0.9,,,,0.0,0.9,
R320,OK,B,126.71,126.21,5.23k,False,low,J10.A5,10.0,0.0,CC1,J10,1.0,125.74,126.21,0.9,,,,0.0,4.4,
C909,OK,B,143.78,90.0,100pF 50V C0G,False,medium,U8.24,3.0,0.36,LCD_RST_MCU,R904,0.9,142.87,90.12,0.9,,,,0.0,0.9,
R302,OK,F,140.7,63.54,3.32k,False,high,U2.2,2.0,1.876,CAL_INJ RFIN,C2 C300,2.3,139.89,63.25,0.8,,,,0.0,1.2,
Q303,OK,F,163.05,131.6,AO3401A,False,low,J2.1,25.0,12.297,Net-(Q303-G) PACK_FUSED VBAT_PACK,C904 F1 R322,5.5,162.93,128.44,0.8,,,,0.0,4.1,
R324,OK,F,161.05,123.2,100k 1%,False,low,U302.8,15.0,1.913,BAL_OVP CHG_CE,R323 U302,19.3,154.4,119.16,0.8,,,,0.0,16.9,
C2,OK,F,139.0,63.1,47pF C0G 1% 100V,False,critical,U2.2,1.5,1.241,Net-(C2-Pad1) RFIN,D1 R2,2.2,140.01,62.55,0.8,,,,0.0,1.2,
R1,OK,F,139.0,58.75,1.50k,False,critical,J1.1,1.5,0.7,Net-(J1-In) Net-(R1-Pad1),R2 R903,2.0,138.43,59.32,0.8,,,,0.0,1.5,
C904,OK,B,161.95,131.96,100nF,False,medium,Q303.2,8.0,0.0,VBAT_PACK,Q303,0.8,162.1,131.16,0.8,,,,0.0,1.9,
R211,OK,B,151.94,108.52,100R 1%,False,low,Q203.1,10.0,0.0,LCD_BL Net-(Q203-G),Q203 U8,27.4,143.19,102.92,0.8,,,,0.0,27.4,
R48,OK,F,119.05,96.95,4.7k 1%,False,low,U10.4,15.0,0.615,+3V3_D UI_FAULT_N,R40 U10,3.7,120.18,96.81,0.7,,,,0.0,19.8,
U5,OK,F,147.66,83.87,REF5030IDR,False,,,,,+3V0_REF +5V_A Net-(U5-Trim{slash}NR),C23 C24 C26,6.3,146.07,83.08,0.7,,,,0.0,17.1,
R900,OK,B,159.08,97.07,100k,False,low,U6.1,10.0,0.0,+3V3_D BUCK_SYNC,R16 U6,3.9,159.57,94.46,0.6,,,,0.0,6.0,
R439,OK,B,144.11,126.14,100k,False,low,J11.32,15.0,2.58,+3V3_D EXP_DETECT_N,RN401 TP11,4.6,146.05,128.19,0.6,,,,0.0,16.6,
R435,OK,B,139.89,97.64,1k,False,medium,U8.15,4.0,2.023,EXP_ANA_MON EXP_ANA_MON_MCU,C412 D406,31.2,142.28,108.03,0.6,,,,0.0,30.0,
R437,OK,B,140.6,138.65,100k,False,low,J11.15,15.0,3.662,+3V3_EXP EXP_SPI_CS1_N,R427 R436,2.0,140.13,138.15,0.6,,,,0.0,1.0,
R102,OK,F,139.75,86.62,1R,False,low,U13.2,10.0,2.617,+3V3_D ADC_VLOGIC,C107 C53,2.6,140.02,85.87,0.5,,,,0.0,1.6,
R208,OK,B,158.7,114.13,10k 1%,False,low,J8.5,15.0,0.0,+3V3_UI TP_INT,J8 R45,2.6,157.7,113.82,0.5,,,,0.0,3.2,
R426,OK,B,139.71,124.05,330R,False,medium,J11.14,5.0,4.675,EXP_INT0_N EXP_INT0_N_MCU,R441 U8,35.0,132.76,108.89,0.5,,,,0.0,34.0,
R442,OK,B,139.8,125.7,10k,False,,,,,+3V3_EXP EXP_INT1_N,R441 RN401,2.4,139.7,126.59,0.4,,,,0.0,7.1,
R109,OK,F,156.63,84.93,1R,False,low,FB1.2,10.0,0.557,+3V3_A A3V3_DAMP,C100 C44,2.6,156.3,84.46,0.3,,,,0.0,1.6,
R40,OK,B,120.6,93.69,4.7k 1%,False,low,U9.1,15.0,0.0,+3V3_D PSRAM_CS_N,R48 U9,2.4,119.82,94.57,0.3,,,,0.0,6.5,
R906,OK,B,138.1,90.35,330R 1%,False,medium,U8.31,5.0,0.13,TP_INT TP_INT_MCU,J8 U8,31.4,148.4,100.82,0.3,,,,0.0,30.2,
R314,OK,B,158.4,108.4,0R,True,low,Q301.3,40.0,0.0,CHG_BAT VBAT_PACK,Q301,1.3,159.01,108.33,0.3,,,,0.0,19.4,
R313,OK,B,146.37,106.97,100R,False,medium,U301.18,5.0,2.45,BATP VBAT_PACK,C326 U301,6.0,147.24,107.47,0.3,,,,0.0,3.1,
Q201,OK,F,155.0,108.26,AO3401A,False,low,J4.38,20.0,13.421,Net-(Q201-D) Net-(Q201-G) Net-(Q201-S),FB201 R209,16.3,154.18,107.95,0.2,,,,0.0,13.1,
R100,OK,F,138.68,80.14,100R,False,high,U13.5,2.0,1.248,ADC_AIN_VENV VENV_BUF,C102 R12,3.8,139.62,80.58,0.2,,,,0.0,2.8,
C406,OK,F,144.62,120.72,10uF,False,low,J11.22,15.0,7.348,EXP_VHP,R411,0.2,144.77,120.84,0.2,,,,0.0,2.1,
R104,OK,F,133.78,86.51,33R,False,high,U8.42,3.0,0.901,ADC_SCLK_U13 EXTADC_SCLK,U13 U8,5.4,134.78,86.66,0.2,,,,0.0,3.4,
FB201,OK,F,148.8,119.61,600R@100MHz,False,low,J4.38,15.0,2.258,LCD_LED_A Net-(Q201-D),C206 Q201,14.5,151.9,114.58,0.2,,,,0.0,13.1,
R436,OK,B,139.6,138.65,100k,False,low,J11.13,15.0,3.63,+3V3_EXP EXP_SPI_CS0_N,R425 R437,2.4,138.6,137.65,0.2,,,,0.0,4.6,
C305,OK,B,143.8,114.32,100nF,False,high,U301.2,2.0,0.0,VBUS,U301,0.2,144.0,114.34,0.2,,,,0.0,0.2,
R418,OK,B,157.34,140.45,2.2k,False,low,U403.6,15.0,0.0,+3V3_EXP EXP_I2C_SDA,U403,1.5,157.31,140.89,0.2,,,,0.0,1.3,
R106,OK,B,133.1,89.25,33R,False,medium,U8.41,5.0,0.0,ADC_CS_N_U13 EXTADC_CS_N,U13 U8,6.1,133.93,86.32,0.2,,,,0.0,6.0,
C300,OK,F,140.78,62.14,1nF 50V C0G,False,medium,J300.1,8.0,5.682,CAL_IN CAL_INJ,R301 R302,2.2,141.0,62.02,0.1,,,,0.0,1.2,
R26,OK,F,144.3,96.49,33R 1%,False,high,Y1.3,1.5,0.545,Net-(U8-PH0) Net-(Y1-OUT),U8 Y1,3.0,144.23,96.9,0.1,,,,0.0,1.6,
Y2,OK,B,142.15,98.59,32.768kHz 7pF,False,critical,U8.8,3.0,0.0,Net-(U8-PC14) Net-(U8-PC15),U8,0.6,140.27,99.57,0.1,,,,0.0,1.9,
R108,OK,B,131.9,89.34,10k,False,low,U8.41,15.0,0.724,+3V3_D EXTADC_CS_N,R106 U8,4.7,128.85,88.19,0.1,,,,0.0,7.4,
R411,OK,B,144.77,122.67,1.5k,False,low,U402.5,20.0,0.996,EXP_VHP,C406,0.2,144.62,122.67,0.1,,,,0.0,0.2,
C201,OK,B,135.25,123.85,100nF,False,medium,J4.8,3.0,0.0,+3V3_UI,J4,0.1,134.75,123.97,0.1,,,,0.0,1.6,
C69,OK,B,120.37,100.99,100nF,False,medium,U10.6,4.0,0.0,+3V3_UI,U10,0.1,120.27,100.99,0.1,,,,0.0,0.1,
R422,OK,B,136.29,126.14,1k,False,medium,J11.8,5.0,2.616,EXP_TMR_IN EXP_TMR_IN_MCU,D404 U8,24.5,133.38,115.6,0.1,,,,0.0,23.1,
R103,OK,B,135.45,85.51,100R,False,high,U13.13,3.0,0.0,ADC_SDOA_U13 EXTADC_SDOA,U13 U8,5.0,133.53,86.66,0.1,,,,0.0,4.7,
R421,OK,B,127.53,91.82,33R,False,medium,U8.54,10.0,0.0,EXP_MOSI_MCU EXP_SPI_MOSI,J11 U8,42.9,132.29,112.65,0.1,,,,0.0,42.8,
R419,OK,B,127.53,90.82,33R,False,medium,U8.52,6.0,0.0,EXP_SCK_MCU EXP_SPI_SCK,J11 U8,43.7,132.04,112.15,0.1,,,,0.0,43.6,
R20,OK,B,137.6,104.6,10k 1%,False,medium,U8.94,3.0,0.0,BOOT0,U8,0.1,137.6,104.49,0.1,,,,0.0,0.1,
Q203,OK,F,151.5,109.46,AO3400A,False,low,J4.34,20.0,12.126,LCD_BL_SW Net-(Q203-G),D202 R211,6.4,151.5,109.46,0.0,,,,0.0,6.4,
R2,OK,F,139.0,60.65,1.50k,False,critical,R1.1,1.5,0.342,Net-(C2-Pad1) Net-(R1-Pad1),C2 R1,2.1,139.0,60.65,0.0,,,,0.0,1.2,
U303,OK,F,150.07,102.39,TPS70933DBVR,False,,,,,VBAT_PACK VBAT_RTC,C326 C327,5.0,149.87,103.42,0.0,,,,0.0,3.4,
U10,OK,F,120.9,100.04,TPS2553DDBVR,False,,,,,+3V3_D +3V3_UI Net-(U10-ILIM) UI_EN UI_FAULT_N,C66 C69 R41 R43 R48,4.5,120.9,100.04,0.0,,,,0.0,18.3,
R101,OK,F,135.25,79.64,33R,False,high,U13.7,2.0,1.003,ADC_AIN_EREF EREF_BUF,C101 U3,3.2,134.71,79.56,0.0,,,,0.0,3.6,
Q202,OK,F,152.17,105.74,2N7002,False,low,Q201.1,15.0,2.313,Net-(Q202-D) UI_EN,R210 U8,26.3,151.99,106.15,0.0,,,,0.0,21.5,
R308,OK,B,148.3,109.15,5.23k,False,low,U301.16,10.0,1.561,BATT_NTC REGN,R306 R309,2.5,148.38,109.08,0.0,,,,0.0,5.6,
R601,OK,B,139.9,88.64,10k 1%,False,,,,,+3V3_D Net-(U8-PA4),U8,0.5,139.9,88.64,0.0,,,,0.0,0.3,
C205,OK,B,154.22,112.99,100nF,False,medium,J8.1,3.0,0.0,+3V3_UI,J8,0.0,154.22,112.99,0.0,,,,0.0,0.0,
R410,OK,B,141.96,119.13,1.50k,False,high,U402.7,2.0,0.0,Net-(U402-ILM),U402,0.0,142.02,119.13,0.0,,,,0.0,0.1,
R43,OK,B,119.7,99.03,100k 0.1%,False,high,U10.5,2.0,0.0,Net-(U10-ILIM),U10,0.2,119.77,99.04,0.0,,,,0.0,0.2,
R45,OK,B,156.7,113.82,4.7k 1%,False,low,J8.3,15.0,0.0,+3V3_UI TP_SCL,J8 R208,2.0,156.7,113.82,0.0,,,,0.0,2.6,
R41,OK,B,122.87,99.09,100k 0.1%,False,low,U10.3,10.0,0.0,UI_EN,U10,0.0,122.87,99.09,0.0,,,,0.0,0.0,
R433,OK,B,139.1,90.35,33R,False,low,U8.29,15.0,0.13,EXP_GATE EXP_GATE_MCU,J11 U8,44.1,141.63,111.07,0.0,,,,0.0,42.9,
U401,OK,B,122.77,134.24,TPS2553DDBVR,False,,,,,+3V3_D +3V3_EXP EXP_3V3_EN EXP_FAULT_N Net-(U401-ILIM),C401 R401 R402 R404 U402,29.1,122.77,134.24,0.0,,,,0.0,45.6,
C202,OK,B,137.73,123.47,47pF 50V C0G,False,medium,J4.12,3.0,0.0,LCD_WR_N,J4,0.0,137.73,123.47,0.0,,,,0.0,0.0,
C207,OK,B,150.73,123.47,100pF 50V C0G,False,high,J4.38,2.0,0.0,LCD_LED_A,J4,0.0,150.73,123.47,0.0,,,,0.0,0.0,
RN60,OK,B,123.5,94.07,47R x4,False,,,,,PSRAM_IO0_MCU PSRAM_IO0_RAM PSRAM_IO1_MCU PSRAM_IO1_RAM PSRAM_IO3_MCU PSRAM_IO3_RAM,U8 U9,22.0,126.32,94.02,3.8,125.57,93.02,0,-1.5,5.9,
C63,OK,B,122.36,117.79,47uF POLY,False,low,J3.4,15.0,10.472,+3V3_SD,R907,9.5,131.0,113.8,9.4,123.25,118.55,90,-1.7,9.5,
R10,OK,F,140.91,76.36,1.33k,False,high,U4.5,2.0,0.919,Net-(C18-Pad1) Net-(U4B-+),C18 C19,6.9,145.09,76.73,3.1,140.84,76.48,90,-1.9,5.3,
U3,OK,F,132.9,76.33,OPA2320,False,,,,,+3V3_A EREF_BUF Net-(U3A-+) Net-(U3A--),C15 C17 R101 R3,12.6,137.11,74.06,3.1,133.11,76.06,0,-3.3,4.5,
D202,OK,B,150.5,118.34,NSI45020A,False,low,J4.35,25.0,2.683,LCD_BL_SW LCD_LED_K2,D201 J4,6.3,148.53,120.53,3.7,150.28,119.03,90,-3.7,6.4,
R412,KEEP,B,144.1,138.1,100k,False,low,U8.17,50.0,43.329,EXP_VHP EXP_VHP_SNS,J11 U8,49.1,142.71,114.9,21.7,143.46,119.15,90,22.5,43.8,"EXP_VHP_SNS divider top (100 k) at the rail end, 5.2 mm from J11.21: the long run to U8.17 carries only the divided node, never the raw shield rail (sensitivity.json routing rule)"
RN203,KEEP,B,134.1,101.64,47R x4,False,medium,U8.86,8.0,0.6,LCD_CS_N LCD_CS_N_MCU LCD_D2 LCD_D2_MCU LCD_D3 LCD_D3_MCU LCD_WR_N LCD_WR_N_MCU,J4 U8,102.3,135.43,110.73,18.2,135.43,109.73,0,18.1,24.2,LCD control series source termination: belongs at U8 (source end)
R414,KEEP,B,135.96,137.15,100k,False,low,U8.18,50.0,43.128,+3V3_EXP EXP_3V3_SNS,C403 U8,44.7,140.75,116.0,13.3,138.0,120.25,90,13.7,43.7,"EXP_3V3_SNS divider top (100 k) at the rail end, 1.0 mm from C403: the long run to U8.18 carries only the divided node"
R417,KEEP,B,130.8,129.04,2.2k,False,low,U403.8,15.0,26.995,+3V3_EXP EXP_I2C_SCL,D402 J11,18.2,140.9,137.05,15.3,142.15,139.3,0,12.9,12.4,"EXP_I2C_SCL 2.2 k pull-up, left at its pre-cp4 spot when the U403 cluster moved (its twin R418 sits at U403). The spot at U403 is copper-blocked: the SCL / SDA F.Cu pair passes U403.7 at 0.22 mm pitch with R418 beside it, so no via fits. Electrically neutral: a 12 mm open-drain stub at <= 400 kHz (rise >= 300 ns). Optional hand clean-up: docs/LEAD_GUI_STEPS.md"
D203,KEEP,B,132.76,121.09,NSI45020A,False,low,J4.36,25.0,16.055,LCD_BL_SW LCD_LED_K3,D204 J4,22.1,148.45,117.53,12.9,148.45,123.28,90,12.8,17.0,"NSI45020A backlight constant-current regulator: anywhere on the cathode line, and the four CCRs D201-D204 are spread for heat (about Vak x 20 mA each), per its sensitivity rule"
R47,KEEP,B,150.1,102.6,1k 1%,False,,,,,MARK_N MARK_N_MCU,SW2 U8,48.1,137.46,122.15,9.4,138.46,116.65,0,9.4,40.7,"MARK_N 1 k series resistor at the MCU end (7.4 mm from U8.3) to limit button ESD current into the pin; the 41 mm run to SW2 is the button-to-MCU distance, not the resistor's"
U701,KEEP,B,149.2,139.7,SHT40-AD1B-R2,False,,,,,+3V3_D I2C_SCL I2C_SDA,C701 U403,8.8,153.16,139.5,7.2,153.16,140.5,0,6.3,29.6,"SHT40 in-box humidity / temperature sensor: 3 mm from the south board edge, 28 mm from the charger U301 (heat), 1.0 mm from its decoupling cap C701 and 3.5-4.3 mm from U403 on the I2C bus; the audit's saving is towards far I2C partners"
R213,KEEP,B,137.81,98.61,100R,False,,,,,LCD_DC LCD_DC_MCU,J4 U8,30.2,139.51,111.89,6.1,139.51,111.89,0,6.1,24.9,"LCD_DC series source termination at the driver (5.3 mm from U8.5), like RN201-RN203; the 25 mm run to J4.11 is the MCU-to-display distance"
R54,KEEP,B,139.12,107.2,2.2k,False,low,U11.5,60.0,46.215,+3V3_D I2C_SDA,U8,6.8,139.6,103.99,4.6,139.6,104.99,0,4.6,10.5,"I2C_SDA pull-up at the MCU bus end (3.8 mm from U8.96), 48 mm from U11 (self-heating rule >= 5 mm); the saving is 4.6 mm"
R907,KEEP,B,132.5,114.31,1R,False,low,J3.4,15.0,1.686,+3V3_D +3V3_SD,R54 U901,11.6,137.45,109.69,4.2,137.45,109.69,0,4.5,16.6,"+3V3_SD 1 ohm isolation resistor at the load end (1.1 mm from U901.17), so the filtered node with C62 stays local to the SD socket; the +3V3_D side is the feed"
TP306,KEEP,B,129.22,131.05,POGO_D-,False,medium,net:USB_DM,2.0,,USB_DM,J10,5.2,125.24,126.71,5.2,124.24,126.71,0,4.2,5.2,"pogo test pad on USB_DM: position set by the display frame / pogo dongle mechanics; it sits on the D- route 5.2 mm from J10.A7, no stub"
R53,KEEP,B,135.75,101.25,2.2k,False,low,U11.5,60.0,39.532,+3V3_D I2C_SCL,R403 U8,6.5,137.06,103.99,4.2,138.56,103.99,90,3.7,42.3,"I2C_SCL pull-up at the MCU bus end (3.2 mm from U8.95), 41 mm from U11 (self-heating rule >= 5 mm); the saving is 3.7 mm"
R210,KEEP,B,156.39,109.66,10k 1%,False,low,Q201.1,10.0,2.274,Net-(Q201-G) Net-(Q202-D),Q202 R209,6.3,154.49,107.13,3.0,153.74,108.38,90,3.7,4.8,"Q201 gate resistor of the slow backlight high-side switch, 1.5 mm from R209 and 2.9 mm from Q201.1; the 3.7 mm saving would re-route a finished cluster"
C301,KEEP,F,124.17,134.33,1uF,False,medium,J10.A9,5.0,2.896,VBUS,J10,3.8,125.24,125.91,3.7,127.24,123.91,90,3.6,3.8,"VBUS 1 uF hot-plug cap 3.8 mm from J10.A9 / B4, inside its 5 mm datasheet budget, with D301; the audit's spot is not copper-legal (query.py free --copper: nearest legal spot 7.8 mm from it)"
U11,KEEP,F,123.2,62.34,TMP117AIDRVR,False,,,,,+3V3_D I2C_SCL I2C_SDA,C71 R53 U8,87.9,140.61,97.36,72.8,,,,0.0,44.7,"TMP117: measures the board temperature at the RF / analog section (drift checks), so it sits there on purpose"
RN201,KEEP,F,124.82,95.57,47R x4,False,medium,U8.62,8.0,0.55,LCD_D0 LCD_D0_MCU LCD_D1 LCD_D1_MCU,J4 U8,69.3,137.71,114.02,4.3,,,,0.0,33.2,LCD bus series source termination: belongs at U8 (source end)
RN202,KEEP,B,134.65,88.84,47R x4,False,medium,U8.39,8.0,0.0,LCD_D4 LCD_D4_MCU LCD_D5 LCD_D5_MCU LCD_D6 LCD_D6_MCU LCD_D7 LCD_D7_MCU,J4 U8,146.9,141.18,111.56,2.2,,,,0.0,36.9,LCD bus series source termination: belongs at U8 (source end)
C902,KEEP,F,150.28,79.83,100nF,False,high,U5.2,2.0,2.101,+5V_A,C23,2.0,151.46,81.47,2.0,,,,0.0,10.1,"REF5030 VIN 100 nF: the nearest part to U5 pin 2 (2.10 mm against 2.0 mm, 0.1 mm over); GND pad in the F.Cu GND fill plus a GND via 1.09 mm away (datasheet 9.3: as close as possible)"
C309,KEEP,F,143.56,114.94,100nF,False,critical,U301.29,1.5,1.69,Net-(U301-PMID),C306,1.6,145.08,116.36,1.5,,,,0.0,2.1,"BQ25798 PMID 0.1 uF at the south end of U301's west pin column, courtyard touching U301's (closest legal pose), on F.Cu with a GND via in the pad and a 0.5 mm feed, as in TI Fig. 8-21. 1.69 mm pad gap against 1.5 mm EMC practice (datasheet: 'on top of the IC, short traces')"
C318,KEEP,F,143.68,108.34,100nF,False,critical,U301.25,1.5,2.29,VSYS,C313,1.2,142.5,108.34,1.2,,,,0.0,4.1,"BQ25798 SYS 0.1 uF at the north end of U301's west pin column (pins 25-29 at x 143.10), on F.Cu with a GND via in the pad and a 0.5 mm feed, as in TI Fig. 8-21. SW1 / SW2 (pins 26 / 28) leave west between C318 and C309, so the cap cannot sit beside pin 25. 2.29 mm pad gap; the 0.6 mm courtyard slack left would give 1.69 mm, still over the 1.5 mm, which is EMC practice, not a datasheet number"
SW2,FIXED,F,136.35,139.99,MARK,False,low,U8.3,,,MARK_N,R47,40.7,152.11,102.6,40.5,,,,0.0,40.7,
SW1,FIXED,F,131.53,139.99,RECORD / STOP,False,low,U8.2,,,RECORD_N,R46,39.9,139.05,100.81,39.7,,,,0.0,39.9,
SW5,FIXED,F,126.7,139.99,B3U-1000P,False,low,U301.12,,,QON_N,U301,33.3,145.2,112.14,33.1,,,,0.0,33.3,
J2,FIXED,B,156.33,123.12,2053380004,False,,,,,BATT_MID BATT_NTC PACK_RAW,C905 R315 R316,14.7,160.21,128.17,8.4,,,,0.0,14.9,
J1,FIXED,F,139.0,55.22,AIMD_IN,False,,,,,Net-(J1-In),R1,1.5,139.0,56.74,1.5,,,,0.0,1.5,
J300,FIXED,F,145.5,55.22,CAL_IN,False,,,,,CAL_IN,D300,1.4,145.51,56.59,1.3,,,,0.0,1.4,
J8,FIXED,F,157.2,114.79,84953-6,False,,,,,+3V3_UI TP_INT TP_RST TP_SCL TP_SDA,C205 R208 R42 R45 R905,32.2,157.2,114.79,0.0,,,,0.0,35.7,
