net,group,gap_mm,island_A,island_B,ax,ay,bx,by
/Expansion mezzanine/EXP_ANA_MON,Expansion / J11,29.34,D406.5 D406.6 J11.34,R435.2,144.079,126.943,139.514,97.963
/Expansion mezzanine/EXP_GATE,Expansion / J11,41.88,D403.1 J11.33,R433.2,144.004,132.743,139.283,91.131
/Expansion mezzanine/EXP_SPI_MOSI,Expansion / J11,41.54,D401.2 J11.7,R421.2,137.504,132.743,128.736,92.137
/Expansion mezzanine/EXP_SPI_SCK,Expansion / J11,42.53,D401.1 J11.5,R419.2,137.004,132.743,128.229,91.126
/Expansion mezzanine/EXP_SYNC,Expansion / J11,31.54,D403.2 D403.9 J11.35 R440.2,R434.2,144.504,132.743,137.334,102.031
EXP_3V3_SNS,Expansion / J11,43.15,C408.1 R415.1 U8.18,R414.2,141.548,93.966,136.604,136.834
EXP_CS0_N_MCU,Expansion / J11,47.38,U8.51,R425.1,127.676,90.461,137.397,136.834
EXP_CS1_N_MCU,Expansion / J11,45.91,U8.55,R427.1,127.676,92.461,139.447,136.834
EXP_DETECT_N_MCU,Expansion / J11,21.15,U8.90,RN401.4,135.701,104.786,142.104,124.94
EXP_INT1_N_MCU,Expansion / J11,33.25,U8.57,RN401.1,129.159,93.724,140.604,124.94
EXP_IO0_MCU,Expansion / J11,18.57,U8.98,RN401.2,139.62,105.665,140.838,124.196
EXP_IO1_MCU,Expansion / J11,19.67,U8.97,RN401.3,139.173,104.791,142.176,124.229
EXP_MISO_MCU,Expansion / J11,47.4,U8.53,R423.1,127.676,91.461,137.472,137.834
EXP_RST_N_MCU,Expansion / J11,31.81,U8.91,R431.1,135.641,105.562,141.499,136.823
EXP_VHP_SNS,Expansion / J11,43.3,C407.1 R413.1 U8.17,R412.2,140.072,94.704,144.479,137.777
/Screen and controls/LCD_BL_SW,LCD bus / J4,14.75,D201.1 D202.1 Q203.3,D203.1 D204.1,147.854,117.218,133.104,117.218
/Screen and controls/LCD_CS_N,LCD bus / J4,19.93,C203.1 J4.10,RN203.6,136.129,122.923,135.151,103.016
/Screen and controls/LCD_D0,LCD bus / J4,30.56,J4.22,RN201.8,140.929,122.336,124.573,96.516
/Screen and controls/LCD_D1,LCD bus / J4,32.03,J4.23,RN201.7,142.529,122.486,124.573,95.966
/Screen and controls/LCD_D2,LCD bus / J4,23.35,J4.24,RN203.5,143.129,122.923,134.848,101.091
/Screen and controls/LCD_D3,LCD bus / J4,22.65,J4.25,RN203.7,143.629,122.923,134.848,102.041
/Screen and controls/LCD_D4,LCD bus / J4,34.26,J4.26,RN202.8,144.129,122.923,135.398,89.791
/Screen and controls/LCD_D5,LCD bus / J4,34.49,J4.27,RN202.7,144.689,122.458,135.398,89.241
/Screen and controls/LCD_D6,LCD bus / J4,35.03,J4.28,RN202.6,145.589,122.258,135.398,88.741
/Screen and controls/LCD_D7,LCD bus / J4,36.11,J4.29,RN202.5,145.629,122.923,135.398,88.291
/Screen and controls/LCD_DC,LCD bus / J4,21.79,J4.11,R213.2,135.076,120.499,138.185,98.933
/Screen and controls/LCD_LED_K4,LCD bus / J4,20.16,J4.37,D204.2,149.533,122.129,129.786,118.055
/Screen and controls/LCD_WR_N,LCD bus / J4,20.46,C202.1 J4.12,RN203.8,137.129,122.923,134.848,102.591
LCD_BL,LCD bus / J4,24.78,U8.63,R211.1,129.421,96.422,151.174,108.282
/SD and capture memory/PSRAM_IO2_RAM,Other,19.24,U9.3,R64.2,123.427,93.901,140.238,103.265
MARK_N,Other,39.34,SW2.1,R47.2,135.104,139.143,150.423,102.91
NRST,Other,44.32,J6.3,C46.1 U8.14,142.227,140.592,141.173,96.287
RECORD_N,Other,38.72,SW1.1,R46.2,130.284,139.143,137.365,101.08
SD_D1_MCU,Other,12.4,U8.66,U901.8,127.676,97.961,131.4,109.79
TP_INT,Other,28.94,J8.5 R208.2,R906.2,158.399,111.993,138.378,91.092
TP_SCL,Other,33.96,J8.3 R45.2,U8.46,156.399,111.993,130.656,89.839
"/Battery, charger and USB-C/QON_N",Power / charger,31.84,U301.12,SW5.2,146.029,112.33,128.849,139.143
CHG_INT_N,Power / charger,15.07,U301.21,C907.1 R311.2 U8.22,144.454,109.743,146.181,94.77
USB_DM,Power / charger,18.19,U301.7,J10.A7 J10.B7 TP306.1 U304.2 U8.70,145.379,112.893,127.19,112.893
USB_DP,Power / charger,18.66,U301.6,J10.A6 J10.B6 TP305.1 U304.1,145.118,114.129,130.146,125.258
USB_DP,Power / charger,19.58,U301.6,U8.71,145.045,113.134,131.275,99.218
VBAT_RTC,Power / charger,6.26,C603.1 U8.6,C327.1 U303.5,144.125,100.086,150.39,100.086
