net,from,to,length_mm,routed,long,mover,ax,ay,bx,by
EXP_MISO_MCU,U8.53,R423.1,48.04,False,True,R423,126.92,91.32,137.66,138.14
EXP_CS0_N_MCU,U8.51,R425.1,48.03,False,True,R425,126.92,90.32,137.58,137.14
EXP_CS1_N_MCU,U8.55,R427.1,46.59,False,True,R427,126.92,92.32,139.63,137.14
EXP_3V3_EN,U8.45,U401.3,45.65,True,True,U401,131.1,88.64,121.63,133.29
NRST,J6.3,U8.14,45.17,False,True,U8,142.28,140.98,142.27,95.82
I2C_SDA,U8.96,U11.6,44.72,True,True,U11,138.6,103.99,124.09,61.69
EXP_VHP_SNS,U8.17,R412.2,43.84,False,True,R412,142.27,94.32,144.61,138.1
EXP_3V3_SNS,U8.18,R414.2,43.72,False,True,R414,142.27,93.82,136.47,137.15
EXP_SPI_SCK,J11.5,R419.2,43.64,False,True,R419,137.15,133.49,128.04,90.82
EXP_GATE,J11.33,R433.2,42.93,False,True,R433,144.15,133.49,139.1,90.86
EXP_SPI_MOSI,J11.7,R421.2,42.77,False,True,R421,137.65,133.49,128.04,91.82
I2C_SCL,R53.1,U11.1,42.26,True,True,R53,135.75,101.76,122.32,61.69
SWDIO,J6.2,U8.72,41.37,True,True,U8,141.01,139.71,126.92,100.82
MARK_N,SW2.1,R47.2,40.66,False,True,R47,134.65,139.99,150.61,102.6
RECORD_N,SW1.1,R46.2,39.94,False,True,R46,129.83,139.99,137.55,100.81
SWCLK,J6.4,U8.76,38.25,True,True,U8,142.28,139.71,128.6,103.99
LCD_D7,J4.29,RN202.5,36.94,False,True,RN202,145.75,123.47,135.15,88.09
LCD_D6,J4.28,RN202.6,36.32,False,True,RN202,145.25,123.47,135.15,88.59
TP_SDA,R42.2,U8.47,35.84,True,True,R42,157.7,111.49,130.1,88.64
LCD_D5,J4.27,RN202.7,35.7,False,True,RN202,144.75,123.47,135.15,89.09
TP_SCL,J8.3,U8.46,35.7,False,True,U8,156.7,112.99,130.6,88.64
LCD_D4,J4.26,RN202.8,35.08,False,True,RN202,144.25,123.47,135.15,89.59
EXP_INT1_N_MCU,U8.57,RN401.1,34.77,False,True,RN401,126.92,93.32,140.8,125.19
EXP_INT0_N_MCU,U8.56,R426.1,33.95,True,True,R426,126.92,92.82,140.22,124.05
EXP_RST_N_MCU,U8.91,R431.1,33.61,False,True,R431,136.1,103.99,141.63,137.14
QON_N,U301.12,SW5.2,33.33,False,True,U301,146.7,112.14,128.4,139.99
LCD_D1,J4.23,RN201.7,33.24,False,True,RN201,142.75,123.47,124.32,95.82
EXP_TMR1,D404.9,R424.2,32.92,True,True,R424,138.65,127.22,127.94,96.09
EXP_SYNC,J11.35,R434.2,32.61,False,True,R434,144.65,133.49,137.1,101.77
LCD_D0,J4.22,RN201.8,32.54,False,True,RN201,142.25,123.47,124.32,96.32
EXP_TMR0,D404.6,R420.2,30.79,True,True,R420,137.15,127.22,124.8,99.02
TP_INT,J8.5,R906.2,30.24,False,True,R906,158.7,112.99,138.1,90.86
TP_RST,J8.6,R905.2,30.07,True,True,R905,159.7,112.99,142.4,88.41
EXP_ANA_MON,D406.6,R435.2,29.96,False,True,R435,144.15,127.22,139.38,97.64
I2C_SDA,U301.15,U701.1,29.6,True,True,U701,146.7,110.94,149.6,140.4
I2C_SCL,U301.14,U701.2,29.13,True,True,U701,146.7,111.34,148.8,140.4
LCD_RST,R51.1,R904.2,27.48,True,True,R51,150.77,115.27,142.37,89.1
LCD_BL,U8.63,R211.1,27.38,False,True,R211,126.92,96.32,151.43,108.52
VSYS,C28.1,U7.4,27.31,True,True,C28,159.3,93.13,159.66,65.83
LCD_DC,J4.11,R213.2,24.91,False,True,R213,136.75,123.47,138.32,98.61
EXP_VHP_EN,R407.1,U8.13,24.22,True,True,R407,135.97,119.7,142.27,96.32
LCD_D2,J4.24,RN203.5,24.18,False,True,RN203,143.25,123.47,134.6,100.89
+3V3_D,C65.1,U11.5,23.95,True,True,U11,120.8,86.07,124.09,62.34
+3V3_UI,C200.2,R205.1,23.83,True,True,R205,134.75,121.89,119.48,103.59
LCD_D3,J4.25,RN203.7,23.44,False,True,RN203,143.75,123.47,134.6,101.89
USB_DM,U301.7,U8.70,23.36,False,True,U301,145.6,113.84,126.92,99.82
EXP_TMR_IN_MCU,U8.77,R422.1,23.14,True,True,R422,129.1,103.99,135.78,126.14
USB_DP,U301.6,U8.71,22.74,False,True,U301,145.2,113.84,126.92,100.32
EXP_FAULT_N,U402.6,U401.4,22.65,True,True,U401,142.52,120.4,123.9,133.29
EXP_DETECT_N_MCU,U8.90,RN401.4,22.23,False,True,RN401,135.6,103.99,142.3,125.19
LCD_CS_N,J4.10,RN203.6,22.14,False,True,RN203,136.25,123.47,134.6,101.39
UI_EN,U8.33,Q202.1,21.46,True,True,Q202,137.1,88.64,151.23,104.79
EXP_IO1_MCU,U8.97,RN401.3,21.37,False,True,RN401,139.1,103.99,141.8,125.19
EXP_IO0_MCU,U8.98,RN401.2,21.27,False,True,RN401,139.6,103.99,141.3,125.19
LCD_WR_N,J4.12,RN203.8,21.25,False,True,RN203,137.25,123.47,134.6,102.39
LCD_LED_K4,J4.37,D204.2,21.23,False,True,D204,149.75,123.47,129.35,117.59
PSRAM_IO2_RAM,U9.3,R64.2,20.45,False,True,U9,123.14,93.02,140.62,103.62
+3V3_D,J6.1,U401.1,20.23,True,True,U401,141.01,140.98,121.63,135.19
BUCK_SYNC,TP900.1,R901.2,20.22,True,True,TP900,157.18,93.3,137.0,92.01
VBUS,R303.2,Q302.1,20.09,True,True,R303,148.0,115.91,165.94,124.95
UI_FAULT_N,R48.2,U8.34,19.79,True,True,R48,119.05,97.78,136.6,88.64
VBAT_PACK,R314.2,R318.1,19.45,True,True,R314,158.4,107.49,162.23,126.55
PSRAM_CS_N,U9.1,U8.92,19.4,True,True,U9,120.6,93.02,136.6,103.99
USB_DM,U301.7,U304.2,19.2,False,True,U301,145.6,113.84,129.89,124.89
USB_DP,U301.6,U304.1,19.17,False,True,U301,145.2,113.84,129.89,125.39
UI_EN,U8.33,U10.3,18.33,True,True,U10,137.1,88.64,122.04,99.09
CHG_INT_N,U301.21,C907.1,18.07,False,True,C907,144.4,110.04,143.25,92.01
EXP_FAULT_N,U402.6,R403.2,18.05,True,True,R403,142.52,120.4,135.0,103.99
+5V_A,U5.2,R24.1,17.12,True,True,R24,149.86,82.57,137.57,94.5
LCD_LED_K3,J4.36,D203.2,16.98,True,True,D203,149.25,123.47,132.76,119.44
CHG_CE,R323.1,R324.2,16.92,True,True,R323,147.74,112.25,161.05,122.69
+3V3_D,R907.1,R439.1,16.59,True,True,R907,132.5,114.82,144.62,126.14
EXP_I2C_SCL,U403.7,J11.25,16.46,True,True,U403,157.31,139.92,142.15,133.49
VBUS,U301.2,C304.1,16.16,True,True,C304,143.6,113.84,127.75,116.99
EXP_I2C_SDA,U403.6,D402.4,16.05,True,True,U403,157.31,140.57,142.15,135.3
LCD_BL_SW,D201.1,D204.1,15.65,False,True,D201,148.3,117.59,132.65,117.59
BATT_NTC,R310.1,J2.4,14.86,True,True,R310,147.79,112.2,152.97,126.12
SDRV,U301.24,Q301.1,14.41,True,True,Q301,143.2,110.08,157.59,109.27
SD_D0_MCU,U8.65,U901.7,13.8,True,True,U8,126.92,97.32,131.62,110.29
+3V3_UI,J4.31,J8.1,13.15,True,True,-,146.75,123.47,154.7,112.99
Net-(Q201-D),Q201.3,FB201.1,13.06,True,True,Q201,155.0,107.32,148.8,118.82
SD_D1_MCU,U8.66,U901.8,12.96,False,True,U8,126.92,97.82,131.62,109.89
EXP_I2C_SCL,D402.2,R417.2,12.37,True,True,R417,141.15,135.3,130.8,128.53
Net-(U9-SCLK),U9.6,R39.2,11.76,True,False,U9,123.14,88.07,134.0,92.57
+3V3_EXP,C402.1,J11.37,11.65,True,False,C402,156.5,136.15,145.15,133.49
I2C_SCL,U301.14,U8.95,11.32,True,False,U301,146.7,111.34,138.1,103.99
+3V3_D,TP11.1,C701.1,10.87,True,False,TP11,147.8,127.2,148.8,138.03
CHG_BAT,C320.1,R314.1,10.8,True,False,R314,147.62,108.72,158.4,109.31
+3V3_A,C13.1,TP12.1,10.64,True,False,TP12,145.49,78.56,153.6,85.44
+3V3_D,R54.2,R907.1,10.48,True,False,R54,139.12,106.69,132.5,114.82
+5V_A,C38.1,C902.1,10.05,True,False,C38,155.21,70.59,150.28,79.35
VBAT_PACK,R314.2,C326.1,9.88,True,False,R314,158.4,107.49,148.87,104.88
+3V3_D,Y1.1,C42.1,9.86,True,False,C42,147.83,99.09,156.43,103.92
SD_CD_N,J3.9,U8.4,9.64,True,False,U8,134.91,107.04,142.27,100.82
+3V3_SD,R907.2,C63.1,9.48,True,False,R907,132.5,113.8,123.9,117.79
ADC_EREF,R11.2,C21.1,9.38,True,False,R11,137.2,77.77,137.59,87.14
LCD_RST,J4.30,R51.1,9.36,True,False,R51,146.25,123.47,150.77,115.27
+3V3_EXP,R417.1,U401.6,8.91,True,False,R417,130.8,129.55,123.9,135.19
I2C_SDA,U301.15,R54.1,8.25,True,False,R54,146.7,110.94,139.12,107.71
EXP_VHP,U402.5,J11.22,8.24,True,False,U402,142.52,121.67,141.15,129.79
SD_D2_MCU,U8.78,U901.3,8.15,True,False,U8,129.6,103.99,131.62,111.89
VSYS,C314.1,F201.1,8.07,True,False,F201,145.5,104.95,152.9,101.74
+3V3_D,U701.3,J6.1,8.04,True,False,U701,148.8,139.0,141.01,140.98
VRMS_DIAG,U2.11,TP1.1,7.66,True,False,TP1,139.02,68.88,146.6,69.95
SD_D3_MCU,U8.79,U901.4,7.65,True,False,U8,130.1,103.99,131.62,111.49
MARK_N_MCU,U8.3,R47.1,7.43,True,False,R47,142.27,101.32,149.59,102.6
+3V3_D,R311.1,R108.1,7.41,True,False,R311,139.05,91.82,131.9,89.85
SD_CMD_MCU,U8.83,U901.5,7.11,True,False,U8,132.1,103.99,131.62,111.09
VSYS,R408.1,C404.1,7.08,True,False,R408,141.6,115.91,136.33,120.63
+3V3_EXP,J11.38,R442.1,7.06,True,False,R442,145.15,129.79,139.8,125.19
VBAT_RTC,C603.1,C327.1,7.05,False,False,C603,143.81,99.95,150.86,99.96
ADC_VENV,C22.1,R12.2,6.84,True,False,R12,138.68,87.14,140.28,80.49
SD_CLK_MCU,U8.80,U901.6,6.78,True,False,U8,130.6,103.99,131.62,110.69
LCD_LED_K1,J4.34,D201.2,6.72,True,False,D201,148.25,123.47,145.0,117.59
CC2,R321.1,U304.5,6.59,True,False,R321,126.8,129.2,129.89,123.39
SD_CD_N,J3.9,U901.1,6.54,True,False,U901,134.91,107.04,131.62,112.69
+3V3_D,U9.8,R40.1,6.45,True,False,R40,120.6,88.07,120.6,94.52
Net-(U301-PMID),U301.29,C308.1,6.45,True,False,C308,143.08,112.84,143.0,106.39
BATT_MID,R316.1,J2.2,6.45,True,False,R316,156.98,127.18,152.97,122.12
LCD_BL_SW,Q203.3,D202.1,6.38,True,False,Q203,151.5,110.39,150.5,116.69
+3V3_D,U8.11,R311.1,6.37,True,False,R311,142.27,97.32,139.05,91.82
PACK_RAW,R315.1,J2.1,6.32,True,False,R315,156.8,125.15,152.97,120.12
PACK_RAW,R315.1,F1.2,6.29,True,False,F1,156.8,125.15,163.05,124.41
+3V3_A,TP12.1,D12.1,6.15,True,False,TP12,153.6,85.44,152.05,91.4
+3V3_D,C41.2,FB1.1,6.04,True,False,FB1,160.8,92.42,159.39,86.54
+3V3_D,L1.2,R900.2,6.02,True,False,R900,160.43,103.45,159.08,97.58
ADC_CS_N_U13,U13.12,R106.2,6.0,True,False,R106,134.77,83.99,133.1,89.76
+3V3_A,C20.1,U4.8,5.92,True,False,C20,138.67,77.42,144.5,78.47
EXTADC_SDI,U13.15,U8.43,5.89,True,False,U13,136.45,84.68,132.1,88.64
+5V_RF,U2.15,C1.1,5.87,True,False,C1,140.21,67.19,135.18,64.17
PSRAM_IO3_RAM,U9.7,RN60.7,5.86,True,False,U9,121.87,88.07,123.0,93.82
+3V3_EXP,J11.4,R417.1,5.86,True,False,R417,136.65,129.79,130.8,129.55
+3V3_D,R48.1,U10.1,5.71,True,False,R48,119.05,96.13,122.04,100.99
+3V3_D,C93.1,C54.1,5.69,True,False,C93,146.1,100.64,141.5,103.99
Net-(Q201-S),R209.1,F201.2,5.56,True,False,R209,154.86,108.52,152.9,103.32
REGN,U301.5,R308.1,5.56,True,False,R308,144.8,113.84,147.79,109.15
PSRAM_IO0_RAM,U9.5,RN60.8,5.43,True,False,U9,124.41,88.07,123.0,93.32
+3V3_D,C60.1,C65.1,5.35,True,False,C60,125.98,87.38,120.8,86.07
+3V3_A,D12.1,C51.1,5.3,True,False,D12,152.05,91.4,146.8,92.17
Net-(C18-Pad1),C18.1,R10.1,5.26,True,False,C18,146.16,75.58,140.91,75.53
LCD_DC_MCU,U8.5,R213.1,5.26,True,False,R213,142.27,100.32,137.3,98.61
EXP_VHP,J11.21,R412.1,5.21,True,False,R412,141.15,133.49,143.59,138.1
USB_DM,J10.A7,TP306.1,5.2,True,False,TP306,125.24,127.71,129.22,131.05
LCD_BL_SW,D204.1,D203.1,5.15,True,False,D204,132.65,117.59,132.76,122.75
VSYS,U301.25,R408.1,5.09,True,False,R408,143.1,111.04,141.6,115.91
USB_DM,U304.2,J10.B7,5.0,True,False,U304,129.89,124.89,125.24,126.71
Net-(Q202-D),Q202.3,R210.2,4.8,True,False,Q202,153.1,105.74,155.88,109.66
EXTADC_SDOA,U8.44,R103.2,4.66,True,False,R103,131.6,88.64,135.45,86.02
+3V3_EXP,R414.1,R436.1,4.62,True,False,R414,135.45,137.15,139.6,139.16
+3V3_A,C105.1,C20.1,4.59,True,False,C20,139.31,81.97,138.67,77.42
Net-(U3A-+),U3.3,R3.2,4.5,True,False,U3,132.57,74.21,135.38,70.7
VSYS,U6.3,C28.1,4.41,True,False,C28,159.25,97.54,159.3,93.13
VSYS,F201.1,C30.1,4.39,True,False,F201,152.9,101.74,156.5,99.23
CC1,R320.1,U304.4,4.37,True,False,R320,126.2,126.21,129.89,123.89
SD_D2,J3.1,U901.15,4.36,True,False,U901,134.91,115.69,132.78,111.89
REGN,U301.5,R312.1,4.34,True,False,R312,144.8,113.84,142.65,117.61
I2C_SCL,U701.2,U403.2,4.32,True,False,U701,148.8,140.4,153.09,139.92
+3V3_EXP,R441.1,J11.4,4.28,True,False,R441,138.6,125.98,136.65,129.79
+3V3_A,U13.4,C15.1,4.19,True,False,C15,137.64,82.49,134.28,79.99
+3V3_D,R54.2,R403.1,4.11,True,False,R54,139.12,106.69,136.02,103.99
VBAT_PACK,R318.1,Q303.2,4.11,True,False,Q303,162.23,126.55,162.1,130.66
VSYS,C318.1,C314.1,4.1,True,False,C314,143.2,108.34,145.5,104.95
+5V_A,C36.1,TP10.1,4.09,True,False,TP10,153.06,67.13,149.33,65.46
CHG_STAT,R312.2,TP301.1,4.0,True,False,R312,142.65,116.59,145.09,119.76
LCD_D2_MCU,U8.81,RN203.4,3.98,True,False,RN203,131.1,103.99,133.6,100.89
LCD_LED_K2,J4.35,D202.2,3.9,True,False,D202,148.75,123.47,150.5,119.99
Net-(U301-BTST2),U301.19,C311.1,3.88,True,False,C311,145.2,110.08,141.38,110.76
VBUS,C304.1,TP304.1,3.84,True,False,C304,127.75,116.99,127.45,120.82
+3V3_A,C13.1,C14.1,3.83,True,False,C14,145.49,78.56,147.64,75.4
+3V0_REF,C59.1,R13.1,3.82,True,False,C59,145.1,93.12,146.03,89.41
VBUS,J10.A9,C301.1,3.8,True,False,C301,125.24,129.91,124.17,133.56
VBUS,TP304.1,D301.2,3.78,True,False,TP304,127.45,120.82,127.45,124.6
SD_D3,J3.2,U901.14,3.76,True,False,U901,134.91,114.59,132.78,111.49
I2C_SDA,R54.1,U8.96,3.75,True,False,R54,139.12,107.71,138.6,103.99
VSYS,C313.1,C317.1,3.71,True,False,C317,142.0,108.34,138.32,108.77
USB_DP,TP305.1,J10.A6,3.71,True,False,TP305,128.93,127.51,125.24,127.21
+3V3_D,R900.2,R16.1,3.65,True,False,R900,159.08,97.58,160.8,94.36
+5V_A,TP10.1,FL1.1,3.63,True,False,TP10,149.33,65.46,145.8,64.6
+3V3_D,C701.1,C409.1,3.62,True,False,C701,148.8,138.03,152.42,137.9
EREF_BUF,R11.1,R101.1,3.59,True,False,R11,137.2,76.12,135.25,79.13
+3V3_D,C903.1,C39.1,3.58,True,False,C903,156.87,105.35,160.43,105.78
+3V0_REF,R13.1,C26.1,3.55,True,False,R13,146.03,89.41,144.06,86.47
+3V3_D,R108.1,U8.50,3.52,True,False,R108,131.9,89.85,128.6,88.64
BAL_OVP,TP302.1,U302.8,3.52,True,False,TP302,163.62,128.47,161.05,126.07
Net-(C11-Pad1),C11.1,R6.1,3.5,True,False,C11,144.14,70.75,140.99,72.28
I2C_SDA,U701.1,U403.3,3.49,True,False,U701,149.6,140.4,153.09,140.57
VBAT_PACK,C326.1,U303.1,3.44,True,False,C326,148.87,104.88,148.93,101.44
ADC_SCLK_U13,U13.16,R104.2,3.44,True,False,R104,136.95,84.68,133.78,86.0
Net-(U1-RESET_n),U2.4,U1.2,3.4,True,False,U1,138.02,66.01,134.8,67.09
+3V3_D,R439.1,TP11.1,3.35,True,False,R439,144.62,126.14,147.8,127.2
PACK_FUSED,Q303.3,F1.1,3.35,True,False,Q303,163.05,132.54,163.05,129.19
+3V3_D,R311.1,U8.27,3.34,True,False,R311,139.05,91.82,140.1,88.64
+3V3_D,R403.1,R53.2,3.26,True,False,R403,136.02,103.99,135.75,100.74
I2C_SCL,U8.95,R53.1,3.24,True,False,R53,138.1,103.99,135.75,101.76
+3V3_UI,R208.1,R42.1,3.22,True,False,R208,158.7,114.64,159.35,111.49
SD_CMD,J3.3,U901.13,3.21,True,False,U901,134.91,113.49,132.78,111.09
CAL_IN,D300.1,R300.1,3.19,True,False,R300,145.51,58.09,142.43,58.89
+3V0_REF,R13.1,D12.2,3.12,True,False,D12,146.03,89.41,148.94,88.28
BATP,U301.18,R313.2,3.11,True,False,R313,145.6,110.07,145.86,106.97
PSRAM_IO3_MCU,U8.60,RN60.2,3.09,True,False,RN60,126.92,94.82,124.0,93.82
+3V3_D,U8.100,R54.2,3.08,True,False,R54,140.6,103.99,139.12,106.69
Net-(U8-PC1),U8.16,R24.2,3.06,True,False,R24,142.27,94.82,139.22,94.5
+3V3_EXP,J11.3,C403.1,3.04,True,False,C403,136.65,133.49,135.22,136.18
PSRAM_IO0_MCU,U8.58,RN60.1,2.97,True,False,RN60,126.92,93.82,124.0,93.32
PSRAM_IO1_MCU,U8.59,RN60.3,2.92,True,False,RN60,126.92,94.32,124.0,94.32
Net-(U6-SW),U6.5,L1.1,2.9,True,False,L1,160.83,98.21,160.43,101.08
RECORD_N_MCU,U8.2,C67.1,2.9,True,False,C67,142.27,101.82,139.48,101.03
LCD_D3_MCU,U8.82,RN203.2,2.9,True,False,RN203,131.6,103.99,133.6,101.89
VBAT_PACK,C326.1,R313.1,2.89,True,False,C326,148.87,104.88,146.88,106.97
VBUS,R303.2,U301.8,2.87,True,False,R303,148.0,115.91,146.0,113.84
SD_D1,J3.8,U901.10,2.86,True,False,U901,134.91,107.99,132.78,109.89
+3V3_D,C50.1,Y1.4,2.85,True,False,C50,143.84,97.46,146.18,99.09
+3V3_D,C66.1,U8.75,2.85,True,False,C66,124.1,102.74,126.92,102.32
CHG_STAT,U301.1,R312.2,2.8,True,False,R312,143.2,113.84,142.65,116.59
LCD_CS_N_MCU,U8.88,RN203.3,2.79,True,False,RN203,134.6,103.99,133.6,101.39
Net-(U301-BTST1),U301.4,C310.1,2.78,True,False,C310,144.4,113.84,141.68,113.3
Net-(U301-SW2),U301.26,C311.2,2.78,True,False,C311,143.1,111.49,140.42,110.76
PSRAM_CLK_MCU,U8.36,R39.1,2.78,True,False,R39,135.6,88.64,134.0,90.92
VENV_BUF,R12.1,R100.1,2.76,True,False,R12,141.93,80.49,139.19,80.14
+3V0_REF,D12.2,TP8.1,2.74,True,False,D12,148.94,88.28,150.65,86.15
VSYS,C318.1,U301.25,2.7,True,False,C318,143.2,108.34,143.1,111.04
+3V3_D,U10.1,C66.1,2.7,True,False,U10,122.04,100.99,124.1,102.74
REGN,U301.5,C312.1,2.7,True,False,C312,144.8,113.84,147.15,115.18
Net-(Q302-D),R319.2,Q302.3,2.69,True,False,R319,163.2,126.55,164.06,124.0
VENV_BUF,C18.2,U4.7,2.67,True,False,C18,146.16,77.13,143.85,78.47
+3V3_A,C48.1,U8.21,2.65,True,False,C48,144.88,91.84,142.27,92.32
PROG,U301.20,R305.1,2.63,True,False,R305,144.8,110.04,146.85,111.69
+3V3_UI,R205.1,U10.6,2.61,True,False,R205,119.48,103.59,119.77,100.99
+3V3_UI,J8.1,R45.1,2.59,True,False,R45,154.7,112.99,156.7,114.64
Net-(U301-SW1),U301.28,C310.2,2.55,True,False,C310,143.1,112.39,140.72,113.3
BUCK_SYNC_MCU,U8.35,R901.1,2.52,True,False,R901,136.1,88.64,137.0,90.99
SD_D0,J3.7,U901.11,2.45,True,False,U901,134.91,109.09,132.78,110.29
VSYS,C33.1,U6.3,2.4,True,False,C33,156.86,97.51,159.25,97.54
VSYS,U7.4,R902.1,2.39,True,False,R902,159.66,65.83,162.05,65.84
VENV_BUF,U4.6,R12.1,2.39,True,False,R12,143.2,78.47,141.93,80.49
LCD_BL_SW,D202.1,D201.1,2.38,True,False,D202,150.5,116.69,148.3,117.59
BAL_OVP,U302.8,R324.1,2.36,True,False,R324,161.05,126.07,161.05,123.71
+3V3_D,C39.1,L1.2,2.33,True,False,C39,160.43,105.78,160.43,103.45
USB_DP,U304.1,TP305.1,2.33,True,False,TP305,129.89,125.39,128.93,127.51
EXP_INT0_N,D404.10,R441.2,2.33,True,False,R441,139.15,127.22,138.6,124.96
+5V_A,U7.11,C36.1,2.3,True,False,C36,155.36,67.13,153.06,67.13
CAL_IN,R300.1,R301.1,2.3,True,False,R300,142.43,58.89,140.78,60.49
Net-(C18-Pad1),C18.1,R8.2,2.3,True,False,C18,146.16,75.58,147.74,73.91
Net-(Q302-D),R319.2,U302.6,2.3,True,False,R319,163.2,126.55,161.05,127.37
B_VC1,C322.2,U302.2,2.29,True,False,C322,159.11,124.64,158.15,126.72
RECORD_N_MCU,C67.1,R46.1,2.29,True,False,R46,139.48,101.03,137.55,99.79
+5V_A,C23.1,U5.2,2.26,True,False,U5,151.46,80.97,149.86,82.57
+3V3_EXP,U401.6,R404.1,2.26,True,False,R404,123.9,135.19,124.16,137.44
VBUS,D301.2,J10.A4,2.25,True,False,D301,127.45,124.6,125.24,125.01
+3V3_D,R40.1,R48.1,2.24,True,False,R40,120.6,94.52,119.05,96.13
SD_CLK,J3.5,U901.12,2.22,True,False,U901,134.91,111.29,132.78,110.69
Net-(U4A-+),U4.3,C12.1,2.22,True,False,U4,143.2,74.25,141.02,73.84
CHG_INT_N,U8.22,R311.2,2.2,True,False,R311,142.27,91.82,140.07,91.82
LCD_LED_A,J4.38,C206.1,2.18,True,False,C206,150.25,123.47,148.8,121.84
BATT_NTC,R309.1,R310.1,2.17,True,False,R309,148.1,110.05,147.79,112.2
BUCK_SYNC,C900.1,R900.1,2.15,True,False,R900,157.88,94.77,159.08,96.56
EREF_BUF,R101.1,U3.7,2.15,True,False,U3,135.25,79.13,133.22,78.44
B_VCB,R317.2,U302.3,2.15,True,False,R317,156.98,129.17,158.15,127.37
+3V3_SD,J3.4,U901.16,2.14,True,False,U901,134.91,112.39,132.78,112.29
Net-(U301-PMID),U301.29,C309.1,2.1,True,False,C309,143.08,112.84,143.08,114.94
EXP_VHP,C406.1,U402.5,2.1,True,False,C406,144.62,121.67,142.52,121.67
Net-(U2-FLT1),U2.3,C4.1,2.1,True,False,C4,138.52,66.01,136.87,64.7
Net-(U7-SET),U7.8,C34.1,2.1,True,False,C34,155.36,65.18,154.58,63.23
Net-(U5-Trim{slash}NR),C24.1,U5.5,2.1,True,False,U5,142.69,83.31,144.56,84.27
CHG_BAT,U301.22,C319.1,2.08,True,False,C319,144.0,110.04,145.61,108.72
+3V3_D,C55.1,C60.1,2.07,True,False,C60,127.7,88.54,125.98,87.38
VSYS_LDO,C29.1,R902.2,2.07,True,False,R902,161.26,66.85,163.07,65.84
Net-(U301-PMID),C309.1,C307.1,2.07,True,False,C307,143.08,114.94,144.6,116.34
EREF_RAW,U2.9,R3.1,2.07,True,False,R3,138.02,68.88,137.03,70.7
EREF_RAW,R3.1,TP2.1,2.07,True,False,TP2,137.03,70.7,136.2,72.6
VENV_RAW,R4.1,U2.10,2.06,True,False,R4,139.49,70.7,138.52,68.88
EXP_I2C_SCL,J11.25,D402.2,2.06,True,False,D402,142.15,133.49,141.15,135.3
EXP_SPI_CS1_N,D402.1,J11.15,2.06,True,False,D402,140.65,135.3,139.65,133.49
EXP_INT1_N,J11.16,D405.5,2.06,True,False,D405,139.65,129.79,140.65,127.99
EXP_IO0,J11.26,D405.4,2.06,True,False,D405,142.15,129.79,141.15,127.99
EXP_RST_N,J11.31,D402.5,2.06,True,False,D402,143.65,133.49,142.65,135.3
EXP_DETECT_N,J11.32,D405.1,2.06,True,False,D405,143.65,129.79,142.65,127.99
Net-(U4A-+),R6.2,U4.3,2.05,True,False,U4,142.64,72.28,143.2,74.25
ADC_VLOGIC,C107.1,U13.2,2.04,True,False,C107,139.05,84.96,137.64,83.49
VENV_BUF,C18.2,TP5.1,2.03,True,False,TP5,146.16,77.13,148.01,77.98
EXP_3V3_SNS,R415.1,C408.1,2.02,True,False,R415,141.27,92.52,140.18,90.82
+3V3_D,C65.1,U9.8,2.01,True,False,U9,120.8,86.07,120.6,88.07
CHG_BAT,C319.1,C320.1,2.01,True,False,C320,145.61,108.72,147.62,108.72
EXTADC_SCLK,U8.42,R104.1,2.01,True,False,R104,132.6,88.64,133.78,87.02
+5V_A,C902.1,C23.1,2.0,True,False,C902,150.28,79.35,151.46,80.97
VSYS,C315.1,C316.1,2.0,True,False,C315,155.3,97.24,155.3,95.24
VCAP,U8.48,C49.1,2.0,True,False,C49,129.6,88.64,129.27,86.67
+3V3_UI,R45.1,R208.1,2.0,True,False,R45,156.7,114.64,158.7,114.64
ILIM_HIZ,U301.17,R307.1,2.0,True,False,R307,146.0,110.09,146.2,108.1
Net-(U6-VOUT_FB),R16.2,C41.1,2.0,True,False,R16,160.8,95.38,160.8,93.38
EXP_SPI_MISO,D401.7,R423.2,2.0,True,False,R423,138.68,136.15,138.68,138.14
Net-(U4A--),C11.2,U4.2,1.97,True,False,C11,144.14,72.3,143.85,74.25
EXP_SPI_MISO,J11.9,D401.4,1.96,True,False,D401,138.15,133.49,138.68,135.38
Net-(Q201-G),Q201.1,R209.2,1.95,True,False,Q201,154.06,109.2,155.88,108.52
+3V3_A,C51.1,C48.1,1.95,True,False,C51,146.8,92.17,144.88,91.84
+3V3_D,R16.1,C41.2,1.94,True,False,R16,160.8,94.36,160.8,92.42
Net-(Q203-G),Q203.1,R52.1,1.94,True,False,Q203,152.45,108.52,152.45,106.58
VENV_RAW,TP3.1,R4.1,1.93,True,False,TP3,141.25,69.9,139.49,70.7
+3V0_REF,C26.1,U5.6,1.91,True,False,U5,144.06,86.47,145.46,85.17
BATT_NTC,J2.4,C905.1,1.9,True,False,C905,152.97,126.12,151.85,127.66
LCD_D0_MCU,U8.61,RN201.1,1.89,True,False,RN201,126.92,95.32,125.32,96.32
B_VC1,TP308.1,C322.2,1.88,True,False,TP308,158.4,122.9,159.11,124.64
EXP_SPI_CS0_N,D401.5,J11.13,1.88,True,False,D401,139.18,135.38,139.15,133.49
EXP_SPI_SCK,J11.5,D401.1,1.88,True,False,D401,137.15,133.49,137.18,135.38
EXP_SPI_MOSI,J11.7,D401.2,1.88,True,False,D401,137.65,133.49,137.68,135.38
EXP_I2C_SDA,D402.4,J11.27,1.87,True,False,D402,142.15,135.3,142.65,133.49
EXP_TMR1,D404.2,J11.10,1.87,True,False,D404,138.65,127.99,138.15,129.79
EXP_IO1,J11.28,D405.2,1.87,True,False,D405,142.65,129.79,142.15,127.99
+5V_RF,C5.1,FL1.3,1.86,True,False,C5,143.85,66.42,144.2,64.6
Net-(U8-PC15),Y2.1,C602.1,1.86,True,False,Y2,142.15,98.04,140.48,98.86
VBAT_PACK,C904.1,TP303.1,1.85,True,False,TP303,161.95,131.48,160.1,131.5
Net-(U8-PC14),Y2.2,C601.1,1.83,True,False,Y2,142.15,99.14,140.47,99.86
+3V3_A,TP12.1,C44.1,1.82,True,False,TP12,153.6,85.44,155.4,85.72
VCAP,C52.1,U8.73,1.8,True,False,C52,125.12,101.32,126.92,101.32
EXP_INT0_N,D404.1,J11.14,1.8,True,False,D404,139.15,127.99,139.15,129.79
EXP_TMR_IN,D404.4,J11.8,1.8,True,False,D404,137.65,127.99,137.65,129.79
EXP_TMR0,D404.5,J11.6,1.8,True,False,D404,137.15,127.99,137.15,129.79
EXP_GATE,J11.33,D403.1,1.8,True,False,D403,144.15,133.49,144.15,135.3
EXP_ANA_MON,J11.34,D406.5,1.8,True,False,D406,144.15,129.79,144.15,127.99
EXP_SYNC,J11.35,D403.2,1.8,True,False,D403,144.65,133.49,144.65,135.3
VSYS,C30.1,C33.1,1.76,True,False,C30,156.5,99.23,156.86,97.51
+3V3_EXP,C410.1,C402.1,1.76,True,False,C402,156.72,137.9,156.5,136.15
EXP_ANA_MON_MCU,U8.15,C412.1,1.76,True,False,C412,142.27,95.32,141.4,96.84
+3V3_A,C105.1,U13.4,1.75,True,False,C105,139.31,81.97,137.64,82.49
Net-(U2-FLT3),C8.1,U2.1,1.75,True,False,C8,141.03,65.12,139.52,66.01
PSRAM_IO1_RAM,U9.2,RN60.6,1.72,True,False,U9,121.87,93.02,123.0,94.32
SDRV,U301.24,C321.1,1.72,True,False,C321,143.2,110.08,142.52,108.5
MARK_N_MCU,U8.3,C70.1,1.71,True,False,C70,142.27,101.32,140.69,101.97
BATT_NTC,U301.16,R309.1,1.7,True,False,R309,146.4,110.09,148.1,110.05
Net-(U7-SET),U7.8,R14.1,1.7,True,False,R14,155.36,65.18,153.66,65.18
Net-(U4B-+),C19.1,R10.2,1.69,True,False,C19,141.02,78.87,140.91,77.18
B_VDD,R318.2,U302.7,1.67,True,False,R318,162.23,125.53,161.05,126.72
BUCK_VCC,U6.7,C37.1,1.64,True,False,C37,161.05,97.04,162.35,96.04
EXP_3V3_SNS,U8.18,R415.1,1.64,True,False,R415,142.27,93.82,141.27,92.52
+5V_A,C38.1,C40.1,1.63,True,False,C38,155.21,70.59,155.62,69.01
BUCK_SYNC,C900.1,TP900.1,1.63,True,False,TP900,157.88,94.77,157.18,93.3
Net-(U4A--),U4.1,R8.1,1.63,True,False,U4,144.5,74.25,146.09,73.91
VSYS_LDO,C31.1,U7.1,1.63,True,False,C31,159.05,69.29,159.66,67.78
VSYS_LDO,U7.2,C29.1,1.63,True,False,C29,159.66,67.13,161.26,66.85
Net-(U8-PC1),R24.2,R25.1,1.63,True,False,R24,139.22,94.5,139.4,96.12
+3V3_A,R109.1,FB1.2,1.62,True,False,R109,156.63,85.44,157.82,86.54
Net-(C25-Pad1),C25.1,R13.2,1.62,True,False,C25,144.53,87.79,146.03,88.39
Net-(U302-CD),U302.4,C325.1,1.62,True,False,C325,158.15,128.02,158.15,129.64
+3V3_A,C15.1,U3.8,1.61,True,False,U3,134.28,79.99,133.87,78.44
LCD_D1_MCU,U8.62,RN201.2,1.6,True,False,RN201,126.92,95.82,125.32,95.82
LCD_WR_N_MCU,U8.86,RN203.1,1.6,True,False,RN203,133.6,103.99,133.6,102.39
VSYS,C33.1,C315.1,1.58,True,False,C315,156.86,97.51,155.3,97.24
+3V0_REF,C56.1,U8.20,1.58,True,False,C56,143.84,93.03,142.27,92.82
Net-(U4B-+),C19.1,U4.5,1.58,True,False,U4,141.02,78.87,142.55,78.47
Net-(U3A-+),C17.1,U3.5,1.57,True,False,U3,130.4,78.84,131.92,78.44
+3V3_D,C50.1,U8.11,1.57,True,False,C50,143.84,97.46,142.27,97.32
+3V3_UI,C201.2,C200.2,1.57,True,False,C201,135.25,123.37,134.75,121.89
CC2,J10.B5,R321.1,1.56,True,False,R321,125.24,129.21,126.8,129.2
+3V3_D,Y1.4,C93.1,1.55,True,False,C93,146.18,99.09,146.1,100.64
+3V3_D,U8.27,R102.1,1.55,True,False,R102,140.1,88.64,139.75,87.13
Net-(U301-PMID),C309.1,C306.1,1.55,True,False,C306,143.08,114.94,141.58,115.36
VBAT_RTC,C603.1,U8.6,1.55,True,False,C603,143.81,99.95,142.27,99.82
Net-(U8-PH0),U8.12,R26.2,1.55,True,False,R26,142.27,96.82,143.79,96.49
Net-(Q201-G),R209.2,R210.1,1.53,True,False,R209,155.88,108.52,156.9,109.66
+3V3_D,C409.1,U403.1,1.52,True,False,C409,152.42,137.9,153.09,139.27
VBAT_RTC,C327.1,U303.5,1.52,True,False,U303,150.86,99.96,151.21,101.44
+3V3_D,C42.1,C903.1,1.5,True,False,C42,156.43,103.92,156.87,105.35
Net-(C11-Pad1),R6.1,R4.2,1.5,True,False,R6,140.99,72.28,139.49,72.35
TP_SDA,J8.4,R42.2,1.5,True,False,R42,157.7,112.99,157.7,111.49
ADC_EREF,C21.1,U8.32,1.5,True,False,C21,137.59,87.14,137.6,88.64
UI_FAULT_N,R48.2,U10.4,1.5,True,False,R48,119.05,97.78,119.77,99.09
ADC_VENV,U8.30,C22.1,1.5,True,False,C22,138.6,88.64,138.68,87.14
Net-(J1-In),J1.1,R1.2,1.49,True,False,R1,139.0,56.74,139.0,58.24
+3V3_EXP,U403.8,C410.1,1.49,True,False,U403,157.31,139.27,156.72,137.9
+5V_RF,C1.1,U1.3,1.47,True,False,U1,135.18,64.17,133.85,64.81
Net-(U13-REGCAP),U13.3,C106.1,1.47,True,False,C106,137.64,82.99,139.04,83.46
ADC_REFIO,U13.11,C103.1,1.47,True,False,C103,134.77,83.49,133.36,83.06
Net-(U2-FLT4),U2.14,C7.1,1.46,True,False,C7,140.21,67.69,141.57,68.22
Net-(U2-FLT2),U2.16,C6.1,1.46,True,False,C6,140.21,66.69,141.57,66.18
LCD_LED_A,C206.1,FB201.2,1.45,True,False,FB201,148.8,121.84,148.8,120.39
Net-(Y1-OUT),Y1.3,R26.1,1.45,True,False,R26,146.18,96.99,144.81,96.49
LCD_CS_N,J4.10,C203.1,1.44,True,False,C203,136.25,123.47,136.25,124.91
ILIM_HIZ,R307.1,R306.2,1.44,True,False,R307,146.2,108.1,147.64,108.1
B_VC2,R315.2,C322.1,1.44,True,False,R315,156.8,124.13,158.15,124.64
+3V3_EXP,R442.1,R441.1,1.44,True,False,R442,139.8,125.19,138.6,125.98
B_VC2,C322.1,U302.1,1.42,True,False,C322,158.15,124.64,158.15,126.07
EXP_VHP_OVLO,U402.8,R409.1,1.42,True,False,R409,142.52,117.86,143.6,116.93
EXP_3V3_EN,U401.3,R402.1,1.42,True,False,R402,121.63,133.29,120.2,133.29
Net-(U401-ILIM),U401.5,R401.1,1.42,True,False,U401,123.9,134.24,125.31,134.04
EXP_SPI_CS0_N,R425.2,R436.2,1.41,True,False,R436,138.6,137.14,139.6,138.14
+5V_RF,C6.2,C3.1,1.4,True,False,C6,142.53,66.18,141.57,67.2
+5V_RF,C3.1,C7.2,1.4,True,False,C7,141.57,67.2,142.53,68.22
+3V3_D,U401.1,C401.1,1.37,True,False,U401,121.63,135.19,120.26,135.19
EXP_TMR_IN,D404.7,R422.2,1.37,True,False,R422,137.65,127.22,136.8,126.14
+3V3_A,FB1.2,C45.1,1.36,True,False,FB1,157.82,86.54,156.67,87.26
+5V_RF,C3.1,U2.15,1.36,True,False,C3,141.57,67.2,140.21,67.19
REGN,R308.1,R306.1,1.36,True,False,R308,147.79,109.15,148.66,108.1
CAL_IN,D300.1,J300.1,1.35,True,False,D300,145.51,58.09,145.5,56.74
+5V_RF,C6.2,C5.1,1.35,True,False,C5,142.53,66.18,143.85,66.42
ADC_VLOGIC,C107.1,R102.2,1.35,True,False,R102,139.05,84.96,139.75,86.11
A3V3_DAMP,C100.1,R109.2,1.35,True,False,C100,157.2,83.19,156.63,84.42
EXP_VHP_EN,U402.3,R407.1,1.35,True,False,R407,137.12,120.4,135.97,119.7
LCD_D4_MCU,U8.37,RN202.1,1.34,True,False,RN202,135.1,88.64,134.15,89.59
VBUS,C303.1,R303.2,1.31,True,False,C303,146.95,116.7,148.0,115.91
EXP_VHP_OVLO,U402.8,R408.2,1.31,True,False,R408,142.52,117.86,141.6,116.93
VSYS,C404.1,U402.4,1.3,True,False,C404,136.33,120.63,137.12,121.67
ADC_REFCAP,C104.1,U13.9,1.3,True,False,C104,133.63,81.86,134.77,82.49
B_VC1,U302.2,R316.2,1.3,True,False,R316,158.15,126.72,156.98,126.16
PSRAM_IO2_MCU,U8.1,R64.1,1.3,True,False,R64,142.27,102.32,142.27,103.62
EXP_VHP_SNS,U8.17,C407.1,1.3,True,False,C407,142.27,94.32,141.34,93.42
EXP_TMR0_MCU,U8.67,R420.1,1.3,True,False,R420,126.92,98.32,125.82,99.02
EXP_DETECT_N,RN401.5,R439.2,1.3,True,False,R439,142.3,126.19,143.6,126.14
Net-(Q201-S),Q201.2,R209.1,1.29,True,False,Q201,155.96,109.2,154.86,108.52
+3V3_D,R102.1,C53.1,1.29,True,False,R102,139.75,87.13,140.99,86.78
Net-(Q303-G),R322.1,Q303.1,1.29,True,False,R322,165.29,130.66,164.0,130.66
+3V3_EXP,R418.1,U403.8,1.28,True,False,R418,156.83,140.45,157.31,139.27
EXP_ANA_MON_MCU,C412.1,R435.1,1.28,True,False,R435,141.4,96.84,140.4,97.64
+3V0_REF,C59.1,C56.1,1.27,True,False,C59,145.1,93.12,143.84,93.03
Net-(U8-PC1),R24.2,C61.1,1.27,True,False,R24,139.22,94.5,139.4,93.24
+5V_A,C40.1,U7.12,1.26,True,False,C40,155.62,69.01,155.36,67.78
+3V3_A,C44.1,R109.1,1.26,True,False,C44,155.4,85.72,156.63,85.44
RFIN,R302.2,C2.2,1.24,True,False,R302,140.19,63.54,139.0,63.88
VSYS,C318.1,C313.1,1.2,True,False,C313,143.2,108.34,142.0,108.34
+3V3_D,U8.50,C47.1,1.2,True,False,C47,128.6,88.64,128.6,87.44
EXP_GATE_MCU,U8.29,R433.1,1.2,True,False,R433,139.1,88.64,139.1,89.84
TP_INT_MCU,U8.31,R906.1,1.2,True,False,R906,138.1,88.64,138.1,89.84
EXTADC_CS_N,R106.1,R108.2,1.2,True,False,R108,133.1,88.74,131.9,88.83
EXP_SYNC_MCU,U8.93,R434.1,1.2,True,False,R434,137.1,103.99,137.1,102.79
ADC_AIN_VENV,C102.1,U13.5,1.19,True,False,C102,137.3,80.67,136.95,81.81
+5V_RF,C8.2,C6.2,1.18,True,False,C8,141.99,65.12,142.53,66.18
CAL_IN,R301.1,C300.1,1.17,True,False,R301,140.78,60.49,140.78,61.66
Net-(J1-In),R1.2,R903.1,1.17,True,False,R903,139.0,58.24,137.87,58.51
Net-(C2-Pad1),R2.2,C2.1,1.17,True,False,R2,139.0,61.16,139.0,62.33
B_VDD,C324.1,R318.2,1.16,True,False,R318,161.48,124.64,162.23,125.53
ADC_AIN_EREF,C101.1,U13.6,1.16,True,False,C101,136.2,80.67,136.45,81.81
CHG_CE,U301.13,R323.1,1.15,True,False,R323,146.7,111.74,147.74,112.25
EXP_SPI_CS0_N,R425.2,D401.6,1.15,True,False,R425,138.6,137.14,139.18,136.15
BATT_NTC,R309.1,R308.2,1.14,True,False,R309,148.1,110.05,148.81,109.15
+3V3_SD,U901.17,R907.2,1.14,True,False,R907,132.78,112.69,132.5,113.8
+3V3_D,U9.8,C64.1,1.12,True,False,U9,120.6,88.07,119.5,87.87
B_VC1,R316.2,C323.1,1.12,True,False,R316,156.98,126.16,156.0,126.72
Net-(U6-SW),C35.2,U6.5,1.11,True,False,C35,162.1,98.17,161.0,98.03
Net-(U6-BOOT),C35.1,U6.6,1.1,True,False,C35,162.1,97.21,161.05,97.54
CHG_BAT,R314.1,Q301.2,1.09,True,False,R314,158.4,109.31,159.49,109.27
EXP_INT0_N,R441.2,R426.2,1.09,True,False,R441,138.6,124.96,139.2,124.05
EXP_IO1,D405.9,RN401.6,1.09,True,False,RN401,142.15,127.22,141.8,126.19
EXP_DETECT_N,D405.10,RN401.5,1.09,True,False,RN401,142.65,127.22,142.3,126.19
ADC_AIN_EREF,C101.1,R101.2,1.08,True,False,R101,136.2,80.67,135.25,80.15
EXP_SPI_CS1_N,R427.2,D402.10,1.08,True,False,R427,140.65,137.14,140.65,136.07
EXP_RST_N,D402.6,R431.2,1.08,True,False,R431,142.65,136.07,142.65,137.14
EXP_SYNC,D403.9,R440.2,1.08,True,False,R440,144.65,136.07,144.65,137.14
RFIN,C2.2,D1.1,1.07,True,False,C2,139.0,63.88,139.02,64.95
RFIN,D1.1,U2.2,1.06,True,False,D1,139.02,64.95,139.02,66.01
VSYS,U6.4,C32.1,1.04,True,False,C32,159.48,98.21,159.42,99.24
EXP_INT1_N,D405.6,RN401.8,1.04,True,False,RN401,140.65,127.22,140.8,126.19
EXP_IO0,D405.7,RN401.7,1.04,True,False,RN401,141.15,127.22,141.3,126.19
Net-(U301-SW1),C310.2,L301.1,1.03,True,False,C310,140.72,113.3,139.7,113.13
TP_RST_MCU,R905.1,C910.1,1.03,True,False,R905,142.4,89.43,143.3,88.93
CAL_INJ,R302.1,C300.2,1.02,True,False,C300,141.21,63.54,140.78,62.62
ADC_AIN_VENV,R100.2,C102.1,1.02,True,False,R100,138.17,80.14,137.3,80.67
EXP_VHP_SNS,C407.1,R413.1,1.02,True,False,C407,141.34,93.42,142.27,93.02
+3V3_A,U4.8,C13.1,1.0,True,False,U4,144.5,78.47,145.49,78.56
+5V_RF,C7.2,C901.1,1.0,True,False,C7,142.53,68.22,142.86,69.16
CHG_INT_N,C907.1,U8.22,1.0,True,False,C907,143.25,92.01,142.27,91.82
Net-(U6-VOUT_FB),U6.8,R16.2,1.0,True,False,R16,160.8,96.38,160.8,95.38
+3V3_EXP,C403.1,R414.1,1.0,True,False,R414,135.22,136.18,135.45,137.15
+3V3_EXP,R436.1,R437.1,1.0,True,False,R436,139.6,139.16,140.6,139.16
+3V3_SD,J3.4,C62.1,1.0,True,False,C62,134.91,112.39,135.91,112.39
EXP_SPI_CS1_N,R427.2,R437.2,1.0,True,False,R437,140.65,137.14,140.6,138.14
EXP_INT1_N,RN401.8,R442.2,1.0,True,False,R442,140.8,126.19,139.8,126.21
EXP_RST_N,R431.2,R438.2,1.0,True,False,R438,142.65,137.14,142.65,138.14
+3V3_D,C701.1,U701.3,0.98,True,False,C701,148.8,138.03,148.8,139.0
B_VDD,R318.2,R319.1,0.97,True,False,R319,162.23,125.53,163.2,125.53
BATT_MID,R317.1,R316.1,0.96,True,False,R317,156.98,128.15,156.98,127.18
CC1,J10.A5,R320.1,0.96,True,False,R320,125.24,126.21,126.2,126.21
Net-(U6-VOUT_FB),C41.1,R17.2,0.95,True,False,C41,160.8,93.38,161.74,93.24
LCD_RST_MCU,R904.1,C909.1,0.94,True,False,R904,142.37,90.12,143.3,90.0
LT5_ILIM,U7.6,R15.1,0.92,True,False,R15,159.66,64.53,159.74,63.61
NRST,U8.14,C46.1,0.92,True,False,C46,142.27,95.82,142.29,94.89
+3V3_D,U8.50,C55.1,0.91,True,False,C55,128.6,88.64,127.7,88.54
+3V3_EXP,U403.5,R418.1,0.91,True,False,R418,157.31,141.22,156.83,140.45
+3V3_D,C54.1,U8.100,0.9,True,False,C54,141.5,103.99,140.6,103.99
+3V3_D,U8.75,C58.1,0.9,True,False,C58,126.92,102.32,126.92,103.22
+3V3_D,U11.5,C71.1,0.9,True,False,U11,124.09,62.34,124.99,62.34
EXP_FAULT_N,R403.2,U8.87,0.9,True,False,R403,135.0,103.99,134.1,103.99
TP_RST_MCU,R905.1,U8.25,0.9,True,False,R905,142.4,89.43,142.27,90.32
Net-(U402-dV{slash}dT),U402.2,C405.1,0.88,True,False,C405,137.12,119.13,137.85,118.63
Net-(R1-Pad1),R2.1,R1.1,0.88,True,False,R2,139.0,60.14,139.0,59.26
VBAT_PACK,Q303.2,C904.1,0.83,True,False,Q303,162.1,130.66,161.95,131.48
LCD_D7_MCU,U8.40,RN202.4,0.78,True,False,RN202,133.6,88.64,134.15,88.09
Net-(U301-SW2),C311.2,L301.2,0.72,True,False,C311,140.42,110.76,139.7,110.76
EXP_TMR1_MCU,U8.64,R424.1,0.72,True,False,R424,126.92,96.82,126.92,96.09
LCD_RST_MCU,U8.24,R904.1,0.7,True,False,R904,142.27,90.82,142.37,90.12
LCD_D5_MCU,U8.38,RN202.2,0.64,True,False,RN202,134.6,88.64,134.15,89.09
TP_INT,J8.5,R208.2,0.63,True,False,R208,158.7,112.99,158.7,113.62
EXP_I2C_SDA,U403.6,R418.2,0.55,True,False,R418,157.31,140.57,157.85,140.45
Net-(U8-PC14),U8.8,Y2.2,0.35,True,False,Y2,142.27,98.82,142.15,99.14
ADC_SDOA_U13,U13.13,R103.1,0.32,True,False,R103,135.45,84.68,135.45,85.0
+3V3_D,U8.27,R601.2,0.31,True,False,R601,140.1,88.64,140.41,88.64
Net-(U8-PC15),U8.9,Y2.1,0.3,True,False,Y2,142.27,98.32,142.15,98.04
BUCK_SYNC,R900.1,U6.1,0.25,True,False,R900,159.08,96.56,159.33,96.56
EXP_VHP,C406.1,R411.1,0.23,True,False,C406,144.62,121.67,144.77,121.84
Net-(U8-PA4),U8.28,R601.1,0.21,True,False,R601,139.6,88.64,139.39,88.64
VBUS,U301.3,C305.1,0.2,True,False,C305,144.0,113.84,143.8,113.84
VBUS,C305.1,U301.2,0.2,True,False,C305,143.8,113.84,143.6,113.84
Net-(U10-ILIM),U10.5,R43.1,0.2,True,False,U10,119.77,100.04,119.7,99.86
VBAT_PACK,Q301.3,R314.2,0.17,True,False,Q301,158.54,107.4,158.4,107.49
PSRAM_CS_N,U9.1,R40.2,0.15,True,False,R40,120.6,93.02,120.6,92.87
+3V3_UI,U10.6,C69.1,0.12,True,False,U10,119.77,100.99,119.89,100.99
+3V3_UI,J4.8,C201.2,0.1,True,False,C201,135.25,123.47,135.25,123.37
EXTADC_CS_N,U8.41,R106.1,0.1,True,False,R106,133.1,88.64,133.1,88.74
EXP_SCK_MCU,U8.52,R419.1,0.1,True,False,R419,126.92,90.82,127.02,90.82
EXP_MOSI_MCU,U8.54,R421.1,0.1,True,False,R421,126.92,91.82,127.02,91.82
BOOT0,U8.94,R20.1,0.1,True,False,R20,137.6,103.99,137.6,104.09
LCD_D6_MCU,U8.39,RN202.3,0.07,True,False,RN202,134.1,88.64,134.15,88.59
Net-(U402-ILM),U402.7,R410.1,0.05,True,False,R410,142.52,119.13,142.47,119.13
+3V3_UI,J8.1,C205.1,0.0,True,False,C205,154.7,112.99,154.7,112.99
LCD_WR_N,J4.12,C202.1,0.0,True,False,C202,137.25,123.47,137.25,123.47
LCD_LED_A,J4.38,C207.1,0.0,True,False,C207,150.25,123.47,150.25,123.47
TP_SCL,J8.3,R45.2,0.0,True,False,R45,156.7,112.99,156.7,112.99
Net-(Q203-G),Q203.1,R211.2,0.0,True,False,Q203,152.45,108.52,152.45,108.52
UI_EN,U10.3,R41.1,0.0,True,False,R41,122.04,99.09,122.04,99.09
