Designator,Package,Layer,KiCad_rot,JLC_rot
C63,CP_EIA-3528-21_Kemet-B,Bottom,180.0,180.0
D401,USON-10_2.5x1.0mm_P0.5mm,Bottom,-90.0,180.0
D402,USON-10_2.5x1.0mm_P0.5mm,Bottom,-90.0,180.0
D403,USON-10_2.5x1.0mm_P0.5mm,Bottom,-90.0,180.0
D404,USON-10_2.5x1.0mm_P0.5mm,Bottom,90.0,0.0
D405,USON-10_2.5x1.0mm_P0.5mm,Bottom,90.0,0.0
D406,USON-10_2.5x1.0mm_P0.5mm,Bottom,90.0,0.0
RN60,R_Array_Convex_4x0402,Bottom,180.0,90.0
RN202,R_Array_Convex_4x0402,Bottom,0.0,270.0
RN203,R_Array_Convex_4x0402,Bottom,0.0,270.0
RN401,R_Array_Convex_4x0402,Bottom,-90.0,0.0
U304,USON-10_2.5x1.0mm_P0.5mm,Bottom,0.0,90.0
U401,SOT-23-6,Bottom,0.0,90.0
J10,USB_C_Receptacle_HRO_TYPE-C-31-M-12,Top,-90.0,90.0
Q201,SOT-23,Top,90.0,0.0
Q202,SOT-23,Top,0.0,270.0
Q203,SOT-23,Top,-90.0,180.0
Q301,SOT-23,Top,90.0,0.0
Q302,SOT-23,Top,180.0,90.0
Q303,SOT-23,Top,-90.0,180.0
RN201,R_Array_Convex_4x0402,Top,180.0,270.0
SW1,SW_SPST_B3U-1000P,Top,0.0,90.0
SW2,SW_SPST_B3U-1000P,Top,0.0,90.0
SW5,SW_SPST_B3U-1000P,Top,0.0,90.0
U1,SOT-23-3,Top,90.0,0.0
U3,VSSOP-8_3x3mm_P0.65mm,Top,-90.0,90.0
U4,VSSOP-8_3x3mm_P0.65mm,Top,-90.0,90.0
U5,SOIC-8_3.9x4.9mm_P1.27mm,Top,-135.0,135.0
U8,LQFP-100_14x14mm_P0.5mm,Top,180.0,90.0
U9,SOIC-8_3.9x4.9mm_P1.27mm,Top,90.0,0.0
U10,SOT-23-6,Top,180.0,90.0
U303,SOT-23-5,Top,0.0,270.0
U403,VSSOP-8_3x3mm_P0.65mm,Top,0.0,180.0
