Comment,Designator,Footprint,LCSC Part #,Manufacturer,MPN
100nF,"C1,C33",C_0603_1608Metric,C14663,Yageo,CC0603KRX7R9BB104
510p,C11,C_0603_1608Metric,C519572,YAGEO,CC0603FRNPO9BN511
470p,"C12,C19",C_0603_1608Metric,C519564,YAGEO,CC0603FRNPO9BN471
10n,C17,C_0603_1608Metric,C85973,Murata Electronics,GRM1885C1H103JA01D
1.2n,C18,C_0603_1608Metric,C1517816,Murata,GCM1885C1H122FA16D
47pF C0G 1% 100V,C2,C_0603_1608Metric,C882574,Murata,GCM1885C2A470FA16D
47pF 50V C0G,"C202,C203,C900",C_0402_1005Metric,C1567,FH (Guangdong Fenghua Advanced Tech),0402CG470J500NT
2.2nF 50V C0G,"C21,C22,C101,C102",C_0402_1005Metric,C385029,Murata Electronics,GRM1555C1H222JA01D
1uF 25V film,C24,C_1206_3216Metric,C3776619,Rubycon,25MU105MA23216
4.7uF,C25,C_0805_2012Metric,C76642,TDK,C2012X7R1E475KT000N
10uF,"C28,C30,C38,C60,C303,C304,C306,C307,C308,C313,C314,C315,C316,C317,C319,C320,C402,C406",C_0805_2012Metric,C95841,Samsung Electro-Mechanics,CL21B106KOQNNNE
100pF,"C3,C4,C207,C909,C910",C_0402_1005Metric,C77177,Murata Electronics,GRM1555C1H101JA01D
22uF 25V,"C31,C36",C_1206_3216Metric,C12891,Samsung Electro-Mechanics,CL31A226KAHNNNE
47nF,"C310,C311,C405",C_0402_1005Metric,C77017,Murata Electronics,GRM155R71E473KA88D
4.7uF,"C312,C327",C_0603_1608Metric,C19666,Samsung Electro-Mechanics,CL10A475KO8NNNC
330nF,C325,C_0603_1608Metric,C107070,YAGEO,CC0603KRX7R8BB334
470nF,C34,C_1206_3216Metric,C3773390,Rubycon,35MU474KA13216
22uF,"C39,C42,C100",C_0805_2012Metric,C29277,Samsung Electro-Mechanics,CL21A226MPQNNNE
22pF,C41,C_0402_1005Metric,C1555,FH (Guangdong Fenghua Advanced Tech),0402CG220J500NT
2.2uF,"C49,C52",C_0603_1608Metric,C23630,Samsung Electro-Mechanics,CL10A225KO8NNNC
1uF,"C5,C14,C20,C23,C37,C44,C51,C59,C65,C66,C103,C105,C106,C107,C200,C206,C301,C326",C_0603_1608Metric,C29936,Samsung Electro-Mechanics,CL10B105KA8NNNC
1nF,"C6,C8,C300,C412,C905,C907",C_0402_1005Metric,C76947,Murata Electronics,GRM1555C1H102JA01D
10pF C0G,"C601,C602",C_0402_1005Metric,C32949,Samsung Electro-Mechanics,CL05C100JB5NNNC
47uF POLY,C63,CP_EIA-3528-21_Kemet-B,C141441,KEMET,T520B476M010ATE035
100nF,"C7,C13,C15,C26,C29,C32,C35,C40,C45,C46,C47,C48,C50,C53,C54,C55,C56,C58,C61,C62,C64,C67,C69,C70,C71,C93,C104,C201,C205,C305,C309,C318,C322,C323,C324,C401,C403,C404,C407,C408,C409,C410,C603,C701,C901,C902,C903,C904",C_0402_1005Metric,C307331,Samsung Electro-Mechanics,CL05B104KB54PNC
PESD5V0H1BSF,"D1,D300",PESD2V5Y1BSF_SOD962-2_ManufacturerLand,C478002,Nexperia,PESD5V0H1BSFYL
PMEG6030EP,D12,D_SOD-128,C456127,Nexperia,"PMEG6030EP,115"
NSI45020A,"D201,D202,D203,D204",D_SOD-123,C128367,onsemi,NSI45020AT1G
TPD1E10B06DYAR,D301,D_SOD-523,C3712135,Texas Instruments,TPD1E10B06DYAR
TPD4E05U06DQAR,"D401,D402,D403,D404,D405,D406,U304",USON-10_2.5x1.0mm_P0.5mm,C138714,Texas Instruments,TPD4E05U06DQAR
MF-MSMF150/24X-2,F1,Fuse_Bourns_MF-MSMF_Style2_4532Metric,C78695,BOURNS,MF-MSMF150/24X-2
200mA PTC,F201,Fuse_0603_1608Metric,C883092,BHFUSE,BSMD0603-020-16V
600R@100MHz 500mA,"FB1,FB201",L_0603_1608Metric,C19330,Murata Electronics,BLM18AG601SN1D
NFM18PC104R1C3D,FL1,Murata_NFM18PC_0603_3T,C111493,Murata Electronics,NFM18PC104R1C3D
BSMTSOM250BTR,"H5,H6",Standoff_SMT_M2_BZXC_BSMTSOM2_Hole3.8mm_Pad6.2mm,C20617226,BZXC,BSMTSOM250BTR
AIMD_IN,"J1,J300",U.FL_Hirose_U.FL-R-SMT-1_Vertical,C88374,Hirose Electric,U.FL-R-SMT-1(80)
TYPE-C-31-M-12,J10,USB_C_Receptacle_HRO_TYPE-C-31-M-12,C165948,Korean Hroparts Elec,TYPE-C-31-M-12
LSHM-120-02.5-L-DV-A-N-K-TR,J11,Samtec_LSHM-120-xx.x-x-DV-S_2x20-1SH_P0.50mm_Vertical,C6287797,Samtec,LSHM-120-02.5-L-DV-A-N-K-TR
2053380004,J2,Molex_Pico-Lock_205338-0004_1x04-1MP_P2.00mm_Horizontal,C916325,MOLEX,2053380004
DM3AT-SF-PEJM5,J3,microSD_HC_Hirose_DM3AT-SF-PEJM5,C114218,Hirose Electric,DM3AT-SF-PEJM5
XF2M-4015-1A,J4,Omron_XF2M-4015-1A_1x40-1MP_P0.5mm_Horizontal,C225713,Omron Electronics,XF2M-4015-1A
84953-6,J8,TE_84953-6_1x06-1MP_P1.0mm_Horizontal,C408826,TE Connectivity,84953-6
4.7uH,L1,L_Coilcraft_XAL4020-XXX,C6012418,Coilcraft,XGL4020-472MEC
1uH,L301,L_Coilcraft_XAL4020-XXX,C4555951,Coilcraft,XAL4020-102MEC
AO3401A,"Q201,Q303",SOT-23,C15127,Alpha & Omega Semicon,AO3401A
2N7002,"Q202,Q302",SOT-23,C8545,"Jiangsu Changjing Electronics Technology Co., Ltd.",2N7002
AO3400A,"Q203,Q301",SOT-23,C20917,Alpha & Omega Semicon,AO3400A
1.50k,"R1,R2,R410",R_0402_1005Metric,C281775,YAGEO,RT0402BRD071K5L
100R,"R100,R103,R211,R213,R313,R317,R318,R434",R_0402_1005Metric,C25076,UNI-ROYAL,0402WGF1000TCE
33R 1%,"R11,R12,R39,R64",R_0603_1608Metric,C23140,UNI-ROYAL,0603WAF330JT5E
1R,"R13,R102,R109,R902,R907",R_0402_1005Metric,C2906901,FOJAN,FRC0402J1R0 TS
49.9k,R14,R_0603_1608Metric,C491136,Panasonic Industry,ERA3AEB4992V
1k 1%,"R15,R46,R47,R422,R435,R901",R_0402_1005Metric,C11702,UNI-ROYAL,0402WGF1001TCE
23.2k 1%,R16,R_0402_1005Metric,C25873,UNI-ROYAL(Uniroyal Elec),0402WGF2322TCE
10k 1%,"R17,R20,R108,R205,R208,R210,R311,R312,R403,R441,R442,R601",R_0402_1005Metric,C25744,UNI-ROYAL,0402WGF1002TCE
100k 1%,"R209,R303,R322,R323,R324,R402,R407,R412,R414,R415,R436,R437,R438,R439,R440,R900",R_0402_1005Metric,C25741,UNI-ROYAL(Uniroyal Elec),0402WGF1003TCE
100k 0.1%,"R24,R25,R41,R43,R51,R52",R_0603_1608Metric,C122538,YAGEO,RT0603BRD07100KL
33R 1%,"R26,R101,R104,R106,R419,R420,R421,R423,R424,R433",R_0402_1005Metric,C25105,UNI-ROYAL,0402WGF330JTCE
22.6k,R3,R_0603_1608Metric,C861236,YAGEO,RT0603BRD0722K6L
100R,"R300,R301",R_0603_1608Metric,C122970,Yageo,RT0603BRD07100RL
3.32k,R302,R_0402_1005Metric,C852762,Yageo,RT0402BRD073K32L
6.04k,R305,R_0402_1005Metric,C97819,YAGEO,RC0402FR-076K04L
51k,R306,R_0402_1005Metric,C25794,UNI-ROYAL,0402WGF5102TCE
20k,"R307,R413",R_0402_1005Metric,C25765,UNI-ROYAL,0402WGF2002TCE
5.23k,"R308,R320,R321",R_0402_1005Metric,C25907,UNI-ROYAL(Uniroyal Elec),0402WGF5231TCE
30.1k,R309,R_0402_1005Metric,C138009,YAGEO,RC0402FR-0730K1L
160R,R315,R_0402_1005Metric,C327369,YAGEO,RC0402FR-07160RL
261R,R316,R_0402_1005Metric,C273335,YAGEO,RC0402FR-07261RL
470k,"R319,R408",R_0402_1005Metric,C137976,YAGEO,RC0402FR-07470KL
2.26k,"R4,R6",R_0603_1608Metric,C47115856,RESI,PTFR0603B2K26P9
4.7k 1%,"R40,R42,R45,R48",R_0603_1608Metric,C23162,UNI-ROYAL(Uniroyal Elec),0603WAF4701T5E
45.3k,R401,R_0402_1005Metric,C2933099,FOJAN,FRC0402F4532TS
64.9k,R409,R_0402_1005Metric,C5713275,FOJAN,FRC0402F6492TS
1.5k,R411,R_0603_1608Metric,C22843,UNI-ROYAL,0603WAF1501T5E
330R,"R425,R426,R427,R431,R904,R905,R906",R_0402_1005Metric,C25104,UNI-ROYAL(Uniroyal Elec),0402WGF3300TCE
2.2k,"R53,R54,R404,R417,R418",R_0402_1005Metric,C25879,UNI-ROYAL(Uniroyal Elec),0402WGF2201TCE
1.33k,"R8,R10",R_0603_1608Metric,C861196,YAGEO,RT0603BRD071K33L
330R x4,RN401,R_Array_Convex_4x0402,C43557,UNI-ROYAL(Uniroyal Elec),4D02WGJ0331TCE
47R x4,"RN60,RN201,RN202,RN203",R_Array_Convex_4x0402,C55183,UNI-ROYAL(Uniroyal Elec),4D02WGJ0470TCE
RECORD / STOP,"SW1,SW2,SW5",SW_SPST_B3U-1000P,C231329,Omron,B3U-1000P
TLV809EA46DBZR,U1,SOT-23-3,C1852111,Texas Instruments,TLV809EA46DBZR
TPS2553DDBVR,"U10,U401",SOT-23-6,C521201,Texas Instruments,TPS2553DDBVR
TMP117AIDRVR,U11,TMP117_DRV_WSON6_NoPasteEP,C699536,Texas Instruments,TMP117AIDRVR
AD7380BCPZ-RL7,U13,TQFN-16-1EP_3x3mm_P0.5mm_EP1.23x1.23mm,C578426,Analog Devices,AD7380BCPZ-RL7
ADL5511ACPZ-R7,U2,LFCSP-16-1EP_3x3mm_P0.5mm_EP1.6x1.6mm,C579159,Analog Devices,ADL5511ACPZ-R7
OPA2320,"U3,U4",VSSOP-8_3x3mm_P0.65mm,C545235,Texas Instruments,OPA2320AIDGKR
BQ25798RQMR,U301,Texas_RQM0029A_VQFN-29_4x4mm_P0.4mm,C2876593,Texas Instruments,BQ25798RQMR
BQ29209DRBR,U302,VSON-8-1EP_3x3mm_P0.65mm_EP1.65x2.4mm,C139352,Texas Instruments,BQ29209DRBR
TPS70933DBVR,U303,SOT-23-5,C89347,Texas Instruments,TPS70933DBVR
TPS259631DDAR,U402,TI_SO-PowerPAD-8_ThermalVias,C2155778,Texas Instruments,TPS259631DDAR
TCA9517ADGKR,U403,VSSOP-8_3x3mm_P0.65mm,C201698,Texas Instruments,TCA9517ADGKR
REF5030IDR,U5,SOIC-8_3.9x4.9mm_P1.27mm,C2878155,Texas Instruments,REF5030IDR
LMR43620MB5RPER,U6,TI_RPE0009B_VQFN-HR-9_2x2mm_Stencil,C22438086,Texas Instruments,LMR43620MB5RPER
LT3045EMSE#PBF (+5V_A),U7,MSOP-12-1EP_3x4.039mm_P0.65mm_EP1.651x2.845mm,C580012,Analog Devices,LT3045EMSE#PBF
SHT40-AD1B-R2,U701,Sensirion_DFN-4_1.5x1.5mm_P0.8mm_SHT4x_NoCentralPad,C2909890,Sensirion,SHT40-AD1B-R2
STM32H743VIT6,U8,LQFP-100_14x14mm_P0.5mm,C114409,STMicroelectronics,STM32H743VIT6
APS6404L-3SQR-SN,U9,SOIC-8_3.9x4.9mm_P1.27mm,C5333729,AP Memory,APS6404L-3SQR-SN
EMIF06-MSD02N16,U901,ST_EMIF06-MSD02N16_uQFN-16_3.5x1.2mm_P0.4mm,C5267594,STMicroelectronics,EMIF06-MSD02N16
12MHz 3.3V CMOS,Y1,Oscillator_SMD_Abracon_ASE-4Pin_3.2x2.5mm,C596950,Abracon,ASE-12.000MHZ-LC-T
32.768kHz 7pF,Y2,Crystal_SMD_Abracon_ABS05-2Pin_1.6x1.0mm,C5221452,Seiko Instruments (SII),Q-SC16S0322070AAAN
