"References","Value","Footprint","Qty","DNP","Manufacturer","MPN","LCSC","JLCPCB_PN","Function","Description","Distributor","Unit_Cost_USD","Sourcing_Status","Source_URL","Datasheet"
"C1,C33","100nF","Capacitor_SMD:C_0603_1608Metric","2","","Yageo","CC0603KRX7R9BB104","C14663","C14663","Adds high-frequency bypassing to the protected battery rail at the buck input in this layout. Keep its VIN and ground paths local to U6, away from the SET and reference return paths.,Bypasses the +5V_RF supply sensed by U1. Place at U1 pin 3 with a short return to its ground pin 1.","","","0.014","LOCAL_INDEX_NOT_LIVE_QUOTE","https://jlcpcb.com/partdetail/C14663","https://www.yageo.com/en/Chart/Download/pdf/CC0603KRX7R9BB104"
"C2","47pF C0G 1% 100V","Capacitor_SMD:C_0603_1608Metric","1","","Murata","GCM1885C2A470FA16D","C882574","C882574","Blocks DC while coupling the attenuated RF signal into U2. Place inline between R2 and the D1/U2 input node, without an RF probe stub. J1-path HPF corner about 1 MHz (RF-M2); J1 gain -0.97/-0.94 % at 63.86/127.74 MHz, removed by the per-frequency calibration; C2 is outside the CAL_IN path.","","","0.11","JLC stock 8102 (2026-09-29)","https://jlcpcb.com/partdetail/C882574","https://wmsc.lcsc.com/wmsc/upload/file/pdf/v2/lcsc/2308111814_Murata-Electronics-GCM1885C2A470FA16D_C882574.pdf"
"C3,C4","100pF","Capacitor_SMD:C_0402_1005Metric","2","","Murata Electronics","GRM1555C1H101JA01D","C77177","C77177","Bypasses high-frequency current on U2's +5V_RF supply. Place at VPOS pin 15 with a short return to the COMM/exposed-pad ground region.,Extends U2's low-frequency response and reduces residual RF on EREF through FLT1. Connect directly between U2 pin 3 and the local ground plane.","","","0.011","LOCAL_INDEX_NOT_LIVE_QUOTE","https://jlcpcb.com/partdetail/C77177","https://www.murata.com/products/productdetail?partno=GRM1555C1H101JA01%23"
"C5,C14,C20,C23,C37,C44,C51,C59,C65,C66,C103,C105,C106,C107,C200,C206,C301,C326","1uF","Capacitor_SMD:C_0603_1608Metric","18","","Samsung Electro-Mechanics","CL10B105KA8NNNC","C29936","C29936","1 uF VBUS capacitor at the connector with D301; damps hot-plug ringing.,1uF X7R 25V decoupling for the backlight anode LCD_LED_A at J4.38; place at the connector pin.,1uF X7R bulk decoupling for panel VDD/VDDI at J4.7/J4.8; place at the connector pins.,Bypasses U6 VCC pin 7 only; do not load VCC,Bypasses the +5V_A input to the 3.0 V reference. Place at U5 pin 2 with a short return to its ground pin 4.,Bypasses the input of display power switch U10. Place at IN pin 1 with a short return to U10 pin 2.,Decouples U13 VCC pin 4 on +3V3_A. Place pad to pin (0.525 mm) with no via, GND via at the capacitor, and feed +3V3_A through the via at its pad 1 from the B.Cu +3V3_A trunk.,Decouples U13's logic supply VLOGIC pin 2 (net ADC_VLOGIC). Place south-east of U13, fed from pin 2 through the 0.525 mm channel between pin 1 and C106, with its own GND via.,Provides U3's local +3V3_A supply reservoir. Place beside C15 at supply pin 8 and share the short local ground region at pin 4.,Provides U4's local +3V3_A supply reservoir. Place beside C13 at supply pin 8 and share the short local ground region at pin 4.,Provides local analog-supply charge for U8. Place with C48 at VDDA, returning to the same quiet ground region.,Provides local supply charge for PSRAM transactions. Place beside U9 and C64, keeping memory current loops within the digital region.,Provides the +3V3_A reservoir on the load side of FB1. Place with C45 near the analog loads and return directly to the continuous ground plane.,Provides the local supply reservoir for U2. Place beside C3 at VPOS, with a short connection to the local ground plane.,REFIO capacitor, 1 uF, required with the internal and the external reference (AD7380 Rev A Table 7, pin 11). Internal 2.5 V reference (REFSEL = 0, S-26): REFIO carries only this capacitor. Place first and closest: pad 0.525 mm from pin 11 with no via between, and a GND via at pad 2.,Stabilizes U13's internal 1.9 V regulator at REGCAP pin 3; attach no other load. Place 0.525 mm from pin 3 with its own GND via.,Stores local charge for U8's ADC reference. Place with C56; keep the reference and return paths away from digital switching currents.,TPS70933 input capacitor 1 uF 25 V (SBVS186H 8.2.2).","Unpolarized capacitor","","0.0218","BOM 2026-10-04 (passives review): C86020 -> C29936 CL10B105KA8NNNC, same 1uF 25V X7R 10 % 0603. JLC live stock C86020 397 vs C29936 178,930 (JLC stock governs PCBA; C29936 was LCSC-OOS on 2026-10-04). Recheck at order.","https://jlcpcb.com/partdetail/C29936","https://www.lcsc.com/datasheet/C29936.pdf"
"C6,C8,C412","1nF","Capacitor_SMD:C_0402_1005Metric","3","","Murata Electronics","GRM1555C1H102JA01D","C76947","C76947","EXP_ANA_MON ADC anti-alias C0G 1 nF (1k/1 nF, fc 159 kHz) to GND at the MCU end; B.Cu at U8 PC0 (pin 15, ADC123_INP10, S-5) with its own GND via.,Sets part of U2's envelope filtering through FLT2. Keep the connection from pin 16 to +5V_RF short; this capacitor returns to VPOS, not ground.,Sets part of U2's envelope filtering through FLT3. Keep the connection from pin 1 to +5V_RF short; this capacitor returns to VPOS, not ground.","Unpolarized capacitor","","0.01,0.010","LOCAL_INDEX_NOT_LIVE_QUOTE,LOCAL_INDEX_NOT_LIVE_QUOTE (JLC stock 589798)","https://jlcpcb.com/partdetail/C76947","https://www.lcsc.com/datasheet/lcsc_datasheet_1811081610_Murata-Electronics-GRM1555C1H102JA01D_C76947.pdf,https://www.murata.com/products/productdetail?partno=GRM1555C1H102JA01%23"
"C7,C13,C15,C26,C29,C32,C35,C40,C45,C46,C47,C48,C50,C53,C54,C55,C56,C58,C61,C62,C64,C67,C69,C70,C71,C93,C104,C201,C205,C305,C309,C318,C322,C323,C324,C401,C403,C404,C407,C408,C409,C410,C603,C701,C901,C902,C903,C904","100nF","Capacitor_SMD:C_0402_1005Metric","48","","Samsung Electro-Mechanics","CL05B104KB54PNC","C307331","C307331","+3V3_EXP HF decoupling at J11; place 0402 on B.Cu pad-adjacent to J11 pins 3/4 (bay keep-out allows 0402 <=0.6 mm).,100nF X7R HF decoupling for panel VDD/VDDI at J4.7/J4.8; place at the connector pins.,100nF X7R decoupling for the touch-panel supply at J8.1; place at the connector pin.,ADL5511 VPOS 0.1 uF 0402 per ADL5511 Fig. 49 / eval C14; second closest to pin 15 after C3. Pin 1 = +5V_RF (U2 pin 15 node), pin 2 = GND/COMM (U2 pins 5/17). Keep C3 100 pF and C5 1 uF.,BQ25798 PMID 0.1 uF high-frequency bypass, closest to pin 29.,BQ25798 SYS 0.1 uF high-frequency bypass, closest to pin 25.,BQ25798 VBUS 0.1 uF high-frequency bypass, closest to pins 2-3 and GND.,BQ29209 CIN 0.1 uF sense filter across the bottom cell (VC1 to GND).,BQ29209 CIN 0.1 uF sense filter across the top cell (VC2 to VC1).,BQ29209 CVD 0.1 uF supply filter on VDD.,Bypasses U8's VDD pin 100. Place beside that supply pin and return directly to the local ground plane.,Bypasses U8's VDD pin 11. Place at that supply pin and return directly to the nearby ground plane.,Bypasses U8's VDD pin 27. Keep the capacitor-to-pin and capacitor-to-ground loop short. Layout: nudged at U8 pin 27 (layout pass 2026-09-29).,Bypasses U8's VDD pin 50. Place at that supply pin with its own short connection to ground.,Bypasses U8's VDD pin 75. Keep its supply connection and ground return local to that pin pair.,Bypasses U8's analog supply at VDDA pin 21. Keep its return beside VSSA, clear of SD and display current paths.,Bypasses fast current on the +3V0_REF output. Place at U5 pin 6 with a short local ground return, while retaining the separate MCU reference bypass capacitors.,Bypasses fast current pulses at PSRAM U9 pin 8. Place directly at VDD with a short return toward U9 pin 4 and the ground plane.,Bypasses fast disturbances on the switched display supply. Place beside U10 pin 6 with a short local ground return. The 47 uF bulk C68 was removed (S-12): about 1.15 uF of ceramics remains on +3V3_UI.,Bypasses high-frequency current on U7's +5V_A output. Place beside the output-capacitor region with a short ground return and preserve C36's separate sense landing.,Bypasses high-frequency current on the filtered +3V3_A rail. Place on FB1's load side with a short ground return; retain local bypass capacitors at each analog IC.,Bypasses microSD supply transients at J3 pin 4. Place beside the socket supply pin with a short return to J3 ground and the plane.,Bypasses the external ADC reference at U8 pin 20. Place at VREF+ with a short return beside VSSA.,Bypasses the temperature sensor supply. Place directly between U11 pin 5 and local ground near U11 pin 2, keeping its current loop small.,Closes the high-frequency input-current loop at the buck. 0402 (ESL about 0.4 nH) placed within 1 mm of U6 VIN pin 4 and GND pin 9 with minimal loop area (TI SNVSBY5B 9.2.2.5, rule R46).,Decouples U13's band-gap at REFCAP pin 9; fitted for every variant. Place 0.44 mm from pin 9 with its own GND via.,Decouples the STM32 VBAT (RTC/backup) pin, now fed from the always-on VBAT_RTC LDO; place at pin 6.,EXP_3V3_SNS filter 100 nF (tau 5 ms with 50k source) at U8 PC3_C (RC at the MCU pin).,EXP_VHP_SNS filter 100 nF (tau 1.67 ms with 16.7k source) at U8 PC2_C (RC at the MCU pin).,Filters MARK_N_MCU (U8 pin 3) contact bounce and coupled noise with the PE4 internal pull-up (R49 removed, FEAT-5; 40k x 100 nF = 4 ms release); the 1k R47 limits its discharge on a press and forms a low-pass with it. Place near U8 pin 3 with a short ground return; firmware still debounces the button and arms it >= 30 ms after enabling the pull-up.,Filters RECORD_N_MCU (U8 pin 2) contact bounce and coupled noise with the PE3 internal pull-up (R44 removed, FEAT-5; 40k x 100 nF = 4 ms release); the 1k R46 limits its discharge on a press and forms a low-pass with it. Place near U8 pin 2 with a short ground return; firmware still debounces the button and arms it >= 30 ms after enabling the pull-up.,Filters short disturbances on NRST (pull-up = U8 internal permanent RPU 30-50k; R18 removed, FEAT-5; DS12110 Fig. 23 needs only the 0.1 uF). Place beside U8 pin 14 and return locally to ground; retain direct debugger reset access (J6.3; reset button SW3 removed, FEAT-4).,Filters the divided +5V_A monitor and supplies ADC sampling charge: 100 nF X7R, pole 32 Hz with R24||R25 = 50k, ADC3 kick-back 5 pF/100 nF; firmware allows >=35 ms settling (X05). Place at U8 pin 16 beside R25 with a short ground return. B side at U8 pin 16.,HF bypass at U7 IN pins 1-3 (VSYS_LDO),HF output bypass of the buck at C39/C42, the FB1 input tap (EMC R51/R60): place between C39/C42 and FB1 pad 1 with its own GND via.,Provides U3's local high-frequency +3V3_A bypass (EMC rule R60: 0.1 uF within 3 mm of copper path). Place directly at U3 pin 8 (pad 1 within ~0.5 mm) with its GND via at pad 2; +3V3_A arrives through a via beside pin 8 from the B.Cu +3V3_A trunk. 0402 so it fits between U3 and the U13 ADC island.,Provides U4's local high-frequency +3V3_A bypass. Place at supply pin 8 with a short return to the ground region at pin 4.,REF5030 VIN HF bypass at U5 pin 2 (R56),RF shunt of the pack harness at the fused side of F1 (PWR-10/R33),SHT40 VDD bypass at the pin.,Second 100 nF HF bypass at U8 VDD pin 50 / VSS pin 49,Sets U2's RMS averaging response for VRMS_DIAG. Connect close to FLT4 pin 14 and +5V_RF; it returns to VPOS, not ground.,Supplies charge for U6's high-side gate drive between BOOT and SW. Place directly between pins 6 and 5 with a compact loop; this capacitor does not return to ground. 0402 rotated between U6 pins 6 (BOOT) and 5 (SW), 0.44 mm each (R49).,U401 IN bypass on +3V3_D; place within 2 mm of U401 pin 1/2.,U402 IN bypass (>= 0.01 uF per SLVSET8A layout guidelines); 50 V X7R (CL05B104KB54PNC) on the <= 9.1 V VSYS rail; place within 2 mm of U402 pins 4/1.,U403 VCCA bypass (+3V3_D); place at U403 pin 1.,U403 VCCB bypass (+3V3_EXP); place at U403 pin 8.,Y1 dedicated 100 nF bypass at pin 4 (R40)","Unpolarized capacitor","","0.0076","BOM 2026-10-04 (PAS-08): GRM155R71E104KE14D C77014 -> CL05B104KB54PNC C307331 (JLC Basic), same 100nF X7R 10 % 0402, 50 V instead of 25 V (less DC-bias loss); live JLC stock 9,493,037.","https://jlcpcb.com/partdetail/C307331","https://www.lcsc.com/datasheet/C307331.pdf"
"C11","510p","Capacitor_SMD:C_0603_1608Metric","1","","YAGEO","CC0603FRNPO9BN511","C519572","C519572","Provides the output-fed capacitor in the first VENV low-pass section. Keep the R4/R6 junction-to-U4A-output path compact; this capacitor does not return to ground.","Unpolarized capacitor","","0.036","Original CC0603FRNPO9BN511 kept (lead decision 2026-10-04); JLC stock 960 on 2026-10-04 (jlcsearch).","https://jlcpcb.com/partdetail/C519572","https://yageogroup.com/component-documentation/download/specsheet/CC0603FRNPO9BN511"
"C12,C19","470p","Capacitor_SMD:C_0603_1608Metric","2","","YAGEO","CC0603FRNPO9BN471","C519564","C519564","Provides the grounded capacitor at the first VENV filter input to U4A. Place beside U4A's noninverting input with a short return to the local analog ground plane.,Provides the grounded capacitor at the second VENV filter input to U4B. Place beside U4B's noninverting input with a short local ground return.","Unpolarized capacitor","","0.018","LOCAL_INDEX_NOT_LIVE_QUOTE","https://jlcpcb.com/partdetail/C519564","https://yageogroup.com/component-documentation/download/specsheet/CC0603FRNPO9BN471"
"C17","10n","Capacitor_SMD:C_0603_1608Metric","1","","Murata Electronics","GRM1885C1H103JA01D","C85973","C85973","Single EREF filter capacitor with R3 (704 Hz pole, S-27), C0G. At U3 pin 5 (+IN B) with the GND via at pad 2. U3A +IN (pin 3) shares the node as an unloaded follower.","","","0.029","JLC stock 137,739 (Konnect JLC DB snapshot 2026-09-29); 10 nF 50 V C0G 5 % 0603; Extended","https://jlcpcb.com/partdetail/C85973","https://www.lcsc.com/datasheet/lcsc_datasheet_2304140030_Murata-Electronics-GRM1885C1H103JA01D_C85973.pdf"
"C18","1.2n","Capacitor_SMD:C_0603_1608Metric","1","","Murata","GCM1885C1H122FA16D","C1517816","C1517816","Provides the output-fed capacitor in the second VENV low-pass section. Keep the R8/R10 junction-to-VENV_BUF path compact at U4B.","Unpolarized capacitor","","0.065","JLC stock 483 (Konnect JLC DB 2026-09-29): assemble from JLC stock if still listed on the order day (LCSC distributor shows Out of Stock on 2026-10-04); keep the S22 consigned cut tape (10 pcs GCM1885C1H122FA16D) as the backup.","https://jlcpcb.com/partdetail/C1517816","https://4donline.ihs.com/images/VipMasterIC/IC/MURE/MURE-S-A0010852699/MURE-S-A0010853015-1.pdf?hkey=6D3A4C79FDBF58556ACFDE234799DDF0"
"C21,C22,C101,C102","2.2nF 50V C0G","Capacitor_SMD:C_0402_1005Metric","4","","Murata Electronics","GRM1555C1H222JA01D","C385029","C385029","ADC_EREF charge reservoir after R11 at U8 PC4/pin 32 (pad 1 0.42 mm from the pin, GND via-in-pad); ADC_EREF arrives on B lane K20a; probe at C21 pad 1 (TP6 deleted).,ADC_VENV charge reservoir after R12 at U8 PA6/pin 30 (0.42 mm, GND via-in-pad); lane K20b; probe at C22 pad 1 (TP7 deleted).,Supplies U13 pin 5's sampling charge (VENV) and shunts 64/128 MHz RF with R100. Place 0.44 mm from pin 5 with a GND via 0.19 mm from its pad.,Supplies the shared sampling charge for U13 pins 6/7 (EREF) and shunts 64/128 MHz RF with R101. Centre it on pins 6/7, 0.44 mm from the pads, with a GND via 0.19 mm from its pad.","Unpolarized capacitor","","0.023","JLC stock 10,317 (Konnect JLC DB 2026-09-29); joins the C101/C102 line. S-3: 1.5 nF C3882814 -> 2.2 nF.,JLC stock checked 2026-09-29","https://jlcpcb.com/partdetail/C385029","https://www.murata.com/products/productdetail?partno=GRM1555C1H222JA01%23"
"C24","1uF 25V film","Capacitor_SMD:C_1206_3216Metric","1","","Rubycon","25MU105MA23216","C3776619","C3776619","NR filter capacitor, non-piezoelectric (R54 as C34); 10-20 Hz NR pole","","","0.585","JLC stock 5344 (2026-09-29) (NE-18)","https://jlcpcb.com/partdetail/C3776619","https://wmsc.lcsc.com/wmsc/upload/file/pdf/v2/lcsc/2308101206_Rubycon-25MU105MA23216_C3776619.pdf"
"C25","4.7uF","Capacitor_SMD:C_0805_2012Metric","1","","TDK","C2012X7R1E475KT000N","C76642","C76642","Provides the reference output reservoir, with R13 adding resistance in this capacitor branch. Keep the R13-C25 branch local to U5 and return it to the reference ground region.","","","0.095","LOCAL_INDEX_NOT_LIVE_QUOTE","https://jlcpcb.com/partdetail/C76642","https://product.tdk.com/en/search/capacitor/ceramic/mlcc/info?part_no=C2012X7R1E475KT000N"
"C28,C30,C38,C303,C304,C306,C307,C308,C313,C314,C315,C316,C317,C319,C320,C402,C406","10uF","Capacitor_SMD:C_0805_2012Metric","17","","Samsung Electro-Mechanics","CL21B106KOQNNNE","C95841","C95841","+3V3_EXP bulk (0805 X7R 16 V, 1.25 mm tall); place on F.Cu directly opposite J11 pins 3/4 because the B.Cu bay keep-out allows only <=0.6 mm 0402 parts.,Adds +5V_A output energy storage alongside U7's primary capacitor C36. Keep its ground local and retain the independent OUTS-to-C36-positive sense connection.,Adds local input energy storage for U6 alongside C28. Keep it in the VIN-to-ground input bank near U6, without routing its return through the reference or SET ground region.,BQ25798 BAT capacitor (2x10 uF per SLUSDV2C Table 5-1) at pins 22-23 on CHG_BAT.,BQ25798 PMID capacitor (3x10 uF + 0.1 uF per SLUSDV2C 8.2.2.3) at PMID/GND.,BQ25798 SYS output capacitor (5x10 uF + 0.1 uF per SLUSDV2C 8.2.2.4), 16 V for 2S.,BQ25798 VBUS input capacitor (2x10 uF + 0.1 uF per SLUSDV2C Table 5-1) at pins 2-3.,EXP_VHP output capacitor (0805 X7R 16 V on the <= 10.3 V rail: EXP_VHP follows VSYS, about 9.1 V max, and U402 cuts off at 9.43-10.28 V); place on F.Cu opposite J11 pins 19-22 (not in the B.Cu bay keep-out).,Supplies switched input current to the LMR43620 with C30. Place close to U6 VIN pin 4 and its ground region, with C32 forming the small high-frequency input loop.","Unpolarized capacitor","","0.105,0.124","JLC stock 486235 (2026-09-29),LOCAL_INDEX_NOT_LIVE_QUOTE,LOCAL_INDEX_NOT_LIVE_QUOTE (JLC stock 486235)","https://jlcpcb.com/partdetail/C95841","https://product.samsungsem.com/mlcc/CL21B106KOQNNN.do"
"C31","22uF 25V","Capacitor_SMD:C_1206_3216Metric","1","","Samsung Electro-Mechanics","CL31A226KAHNNNE","C12891","C12891","Provides U7's IN capacitance on VSYS_LDO (after R902; R902 + C31 form the U7 input filter (22 uF X5R: 7.6 uF effective at 9.1 V per the Samsung DC-bias curve, about 21 kHz); LT3045 p.18 needs >= 4.7 uF at IN, C27 removed in S-8). Place beside IN pins 1-3 with a short return to the regulator's ground region.","","","0.1798","BOM merge 2026-10-04: CL31B106KAHNNNE C14860 -> CL31A226KAHNNNE C12891 (same part as C36, Basic). Samsung DC bias at 9.1 V: 10uF X7R 4.42 uF vs 22uF X5R 7.61 uF effective.","https://jlcpcb.com/partdetail/C12891","https://product.samsungsem.com/mlcc/CL31A226KAHNNN.do"
"C34","470nF","Capacitor_SMD:C_1206_3216Metric","1","","Rubycon","35MU474KA13216","C3773390","C3773390","Filters U7's SET node using a low-leakage film capacitor. Place beside SET pin 8 and R14, returning to the same local ground region as C36; retain the film type unless noise testing supports a change.","","","0.917","LOCAL_INDEX_NOT_LIVE_QUOTE","https://jlcpcb.com/partdetail/C3773390","https://www.rubycon.co.jp/wp-content/uploads/catalog/film-and-pmlcap-catalog.pdf"
"C36","22uF","Capacitor_SMD:C_1206_3216Metric","1","","Samsung Electro-Mechanics","CL31A226KAHNNNE","C12891","C12891","Provides U7's primary output capacitance; retain at least 10 uF effective at 5 V. Route OUTS pin 10 separately to its positive pad, bring the joined power outputs 11/12 to that landing, and keep its ground local to C34/R14.","","","0.173","LOCAL_INDEX_NOT_LIVE_QUOTE","https://jlcpcb.com/partdetail/C12891","https://product.samsungsem.com/mlcc/CL31A226KAHNNN.do"
"C39,C42,C100","22uF","Capacitor_SMD:C_0805_2012Metric","3","","Samsung Electro-Mechanics","CL21A226MPQNNNE","C29277","C29277","Adds output energy storage and ripple filtering alongside C39. Keep the L1/output-ground loop compact and include both capacitors' DC-bias loss when checking the buck's required capacitance.,Fitted R-C damper for the FB1/+3V3_A resonance (rule R57): +11.8 dB at 41.5 kHz -> +1.6 dB; Zout 3.66 -> 0.86 ohm,Stores energy after L1 and filters the +3V3_D buck output with C42. Keep the L1-to-capacitor and ground paths compact, and check their combined effective capacitance at operating bias.","Unpolarized capacitor","","0.082,0.151","JLC stock 805635 (2026-09-29),LOCAL_INDEX_NOT_LIVE_QUOTE","https://jlcpcb.com/partdetail/C29277","https://product.samsungsem.com/mlcc/CL21A226MPQNNN.do"
"C41","22pF","Capacitor_SMD:C_0402_1005Metric","1","","FH (Guangdong Fenghua Advanced Tech)","0402CG220J500NT","C1555","C1555","Provides feedforward (CFF 22 pF) across the upper buck feedback resistor R16. With RFBT 23.2k the zero sits at 312 kHz (218 kHz with the former 33.2k); SNVSBY5B Eq. 9 (CFF < COUT x sqrt(VOUT) / 1.2 MOhm) allows about 33-40 pF with the DC-bias-derated C39 + C42 (2 x 22 uF), so 22 pF keeps margin (P1-23 keeps C41). Place beside R16 and U6 FB pin 8, with the feedback node kept away from SW copper.","","","0.0057","BOM 2026-10-04 (PAS-11): GRM1555C1H220JA01D C76960 -> 0402CG220J500NT C1555 (JLC Basic), identical 22pF C0G 5 % 50 V (D24 keeps 22 pF); live JLC stock 736,557.","https://jlcpcb.com/partdetail/C1555","https://www.lcsc.com/datasheet/C1555.pdf"
"C49,C52","2.2uF","Capacitor_SMD:C_0603_1608Metric","2","","Samsung Electro-Mechanics","CL10A225KO8NNNC","C23630","C23630","Stabilizes U8's internal core regulator at VCAP1, pin 48 (net VCAP, tied to VCAP2 per AN4938). Place directly at the pin with a short ground return; do not attach external loads.,Stabilizes U8's internal core regulator at VCAP2, pin 73 (net VCAP, tied to VCAP1 per AN4938). Place directly at the pin with a short ground return; do not attach external loads.","","","0.0093","BOM 2026-10-04 (PAS-09): GRM188R61A225KE34D C86013 -> CL10A225KO8NNNC C23630 (JLC Basic), same 2.2uF X5R 10 % 0603, 16 V; live JLC stock C86013 115 vs C23630 1,181,628.","https://jlcpcb.com/partdetail/C23630","https://www.lcsc.com/datasheet/C23630.pdf"
"C60","10uF 16V X7R","Capacitor_SMD:C_0805_2012Metric","1","","Samsung Electro-Mechanics","CL21B106KOQNNNE","C95841","C95841","Supplies local bulk charge for MCU load changes (10 uF 0805 X7R, ~7 uF at 3.3 V; AN4938 asks >= 4.7 uF). Place beside U8's digital supply entry, with a broad ground return.","","","0.105","JLC stock 486235 (2026-09-29), Extended (existing line)","https://jlcpcb.com/partdetail/C95841","https://www.lcsc.com/datasheet/lcsc_datasheet_2304140030_Samsung-Electro-Mechanics-CL21B106KOQNNNE_C95841.pdf"
"C63","47uF POLY","Capacitor_Tantalum_SMD:CP_EIA-3528-21_Kemet-B","1","","KEMET","T520B476M010ATE035","C141441","C141441","Provides local charge during microSD write-current bursts. Place beside J3 and C62 with short supply and ground connections; observe capacitor polarity.","","","0.573","LOCAL_INDEX_NOT_LIVE_QUOTE","https://jlcpcb.com/partdetail/C141441","https://search.kemet.com/component-documentation/download/specsheet/T520B476M010ATE035"
"C202,C203,C900","47pF 50V C0G","Capacitor_SMD:C_0402_1005Metric","3","","FH,FH (Guangdong Fenghua Advanced Tech)","0402CG470J500NT","C1567","C1567","47pF C0G edge-rate cap on LCD_CS_N at J4.10; with RN203 47R it sets a rise of at least 5 ns at the panel.,47pF C0G edge-rate cap on LCD_WR_N at J4.12; with RN203 47R it sets a rise of at least 5 ns at the panel.,SYNC edge/RF filter at U6 pin 1 (1k/47pF: -25 dB at 64 MHz)","Unpolarized capacitor","","","JLC Basic, stock 751781 (2026-09-29),JLC stock checked 2026-09-29","https://jlcpcb.com/partdetail/C1567",""
"C207,C909,C910","100pF 50V C0G","Capacitor_SMD:C_0402_1005Metric","3","","Murata Electronics","GRM1555C1H101JA01D","C77177","C77177","100pF C0G HF decoupling for the backlight anode LCD_LED_A at J4.38; place at the connector pin.,RF/injection limiter at U8 pin 24 (DS12110 Table 59; R37/R81). 100 pF shunt on LCD_RST_MCU at PA2 (4.8 MHz pole with R904).,RF/injection limiter at U8 pin 25 (DS12110 Table 59; R37/R81). 100 pF shunt on TP_RST_MCU at PA3 (4.8 MHz pole with R905).","Unpolarized capacitor","","0.004","BOM line merge 2026-09-29: C1546 -> C77177 (same value/package, equal or better spec),JLC stock checked 2026-09-29","https://jlcpcb.com/partdetail/C77177","https://www.murata.com/products/productdetail?partno=GRM1555C1H101JA01%23"
"C300,C905,C907","1nF 50V C0G","Capacitor_SMD:C_0402_1005Metric","3","","Murata Electronics","GRM1555C1H102JA01D","C76947","C76947","DC block, so the 50-ohm termination does not load the bias of the AC-coupled ADL5511 RFIN. 2.5 ohm at 63.86 MHz. Sits on the 50-ohm side, so its parasitics never reach RFIN.,RF shunt on BATT_NTC at J2.4. Layout: at J2 pin 4.,RF/injection limiter at U8 pin 22 (DS12110 Table 59; R37/R81). Place at U8 pin 22 (PA0, CHG_INT_N) with a short GND via.","Unpolarized capacitor","","0.01","JLC 589,798 at $0.01,JLC stock 589798 (2026-09-29),JLC stock 589798 (2026-09-29), Extended","https://jlcpcb.com/partdetail/C76947","https://www.lcsc.com/datasheet/lcsc_datasheet_1811081610_Murata-Electronics-GRM1555C1H102JA01D_C76947.pdf"
"C310,C311,C405","47nF","Capacitor_SMD:C_0402_1005Metric","3","","Murata Electronics","GRM155R71E473KA88D","C77017","C77017","47 nF BTST1-SW1 bootstrap capacitor for high-side FET Q1 (SLUSDV2C Table 5-1).,47 nF BTST2-SW2 bootstrap capacitor for high-side FET Q4 (SLUSDV2C Table 5-1).,U402 dVdt: 47 nF -> SR = 42000/47000 = 0.89 V/ms (SLVSET8A Eq.4), 9.4 ms ramp to 8.4 V, inrush 51 mA into 10 uF + 47 uF shield maximum; firmware waits >=12 ms after EXP_VHP_EN (X05); place at U402 pin 2.","Unpolarized capacitor","","0.007,0.0075","JLC stock 33,760 at $0.0075 (2026-09-30); C310/C311 line (S09),JLC stock 4304 (2026-09-29)","https://jlcpcb.com/partdetail/C77017",""
"C312,C327","4.7uF","Capacitor_SMD:C_0603_1608Metric","2","","Samsung Electro-Mechanics","CL10A475KO8NNNC","C19666","C19666","REGN LDO output capacitor 4.7 uF, 10 V or higher, per SLUSDV2C Table 5-1; REGN also biases TS, ILIM and STAT.,TPS70933 output capacitor 4.7 uF: at least 1.5 uF effective is needed for stability at 3.3 V after DC bias (SBVS186H 8.1.1).","Unpolarized capacitor","","0.029","JLC stock 2730195 (2026-09-29)","https://jlcpcb.com/partdetail/C19666",""
"C325","330nF","Capacitor_SMD:C_0603_1608Metric","1","","YAGEO","CC0603KRX7R8BB334","C107070","C107070","BQ29209 CCD 330 nF overvoltage delay: 9 s/uF x 0.33 uF = 3 s nominal (1.8 to 4.5 s).","Unpolarized capacitor","","0.016","JLC stock 95597 (2026-09-29)","https://jlcpcb.com/partdetail/C107070",""
"C601,C602","10pF C0G","Capacitor_SMD:C_0402_1005Metric","2","","Samsung Electro-Mechanics","CL05C100JB5NNNC","C32949","C32949","LSE load capacitor on PC14 (2 x (CL 7 pF - ~2 pF stray)); check the AN2867 gain margin at bring-up.,LSE load capacitor on PC15.","Unpolarized capacitor","","","BOM 2026-10-04 (PAS-12): GRM1555C1H100JA01D C76946 -> CL05C100JB5NNNC C32949 (JLC Basic), identical 10pF C0G 5 % 50 V (AN2867 margin unchanged); live JLC stock 636,464.","","https://www.lcsc.com/datasheet/C32949.pdf"
"D1,D300","PESD5V0H1BSF","RFVD_MVP_Footprints:PESD2V5Y1BSF_SOD962-2_ManufacturerLand","2","","Nexperia","PESD5V0H1BSFYL","C478002","C478002","First ESD stage on the 50-ohm port node at the J300 pad (rule R35: pad, then TVS, then GND via within 0.5 mm; via 0.44 mm away).- Capacitance 0.15 pF typ / 0.19 pF max.- 5 V standoff: it never conducts at +20 dBm (3.16 Vpk).- Two-stage with D1: D300's turn-on overshoot couples through R302's 0.02-0.05 pF into RFIN (1.9-4.5 V per 100 V), so D1 conducts during port ESD.- Ref is D300 because D12 exists on External_ADC.kicad_sch.- Reuses D1's verified DSN0603-2 land.,Shunts input transients from RFIN_PROTECTED to ground with low added capacitance (PESD5V0H1BSF: VRWM 5 V, VBR 6 V min, Cd 0.15 pF typ / 0.19 pF max; same part as D300). Place at the U2 input after C2, with a short, low-inductance ground connection.","Bidirectional transient-voltage-suppression diode","","0.021","JLC 404,982 at $0.021,JLC stock 404,982 at $0.021 (2026-09-30); D300 line, same SOD962-2 land (UP-05)","https://jlcpcb.com/partdetail/C478002","https://assets.nexperia.com/documents/data-sheet/PESD5V0H1BSF.pdf"
"D12","PMEG6030EP","Diode_SMD:D_SOD-128","1","","Nexperia","PMEG6030EP,115","C456127","C456127","Clamps +3V0_REF to about 0.3 V above +3V3_A when the buck collapses before +5V_A, protecting U8 VREF+ (U13 runs on its internal reference since S-26). Place south of U5 with the anode fed from the U5 VOUT via on B.Cu and the cathode on C48 pad 1, at least 3 mm from L1/SW copper.","Schottky diode","","","JLC stock checked 2026-09-29","","https://assets.nexperia.com/documents/data-sheet/PMEG6030EP.pdf"
"D201,D202,D203,D204","NSI45020A","Diode_SMD:D_SOD-123","4","","onsemi","NSI45020AT1G","C128367","C128367","20mA constant-current regulator for backlight string LED-K1 (J4.34): anode on LCD_LED_K1, cathode on LCD_BL_SW.,20mA constant-current regulator for backlight string LED-K2 (J4.35): anode on LCD_LED_K2, cathode on LCD_BL_SW. Layout: turned 90 deg in the B.Cu gap row.,20mA constant-current regulator for backlight string LED-K3 (J4.36): anode on LCD_LED_K3, cathode on LCD_BL_SW.,20mA constant-current regulator for backlight string LED-K4 (J4.37): anode on LCD_LED_K4, cathode on LCD_BL_SW.","Diode","","","JLC stock checked 2026-09-29","https://jlcpcb.com/partdetail/C128367","https://www.onsemi.com/pdf/datasheet/nsi45020a-d.pdf"
"D301","TPD1E10B06DYAR","Diode_SMD:D_SOD-523","1","","Texas Instruments","TPD1E10B06DYAR","C3712135","C3712135","Bidirectional 5.5 V-standoff ESD clamp on VBUS at J10; firmware must keep BQ25798 HVDCP disabled (5 V input only).","Bidirectional transient-voltage-suppression diode","","0.116","JLC stock 5791 (2026-09-29)","https://jlcpcb.com/partdetail/C3712135","https://www.ti.com/lit/ds/symlink/tpd1e10b06.pdf"
"D401,D402,D403,D404,D405,D406,U304","TPD4E05U06DQAR","Package_SON:USON-10_2.5x1.0mm_P0.5mm","7","","Texas Instruments","TPD4E05U06DQAR","C138714","C138714","0.5 pF ESD for J11 even-row pin 34 (EXP_ANA_MON), pad-to-pad <= 1.05 mm on B before any via. Channels D1+/D1-/D2+ spare (NC); GND pins straight to the GND plane. NC pins tied to the facing IO channel for straight-through routing (SLVSBO7O Table 4-2 p.4, Fig. 4-3; P1-27): 6 = ANA_MON; 7/9/10 stay NC.,4-channel ESD clamp on USB D+/D-/CC1/CC2; place within 3 mm of J10 with flow-through routing and a direct GND via.,ESD for J11 odd-row pins 5/7/9/13 (EXP_SPI_SCK, EXP_SPI_MOSI, EXP_SPI_MISO, EXP_SPI_CS0_N). 4-ch 0.5 pF array, no VCC pin (no back-power path); pad-to-pad <=3 mm from J11 on B.Cu, GND pins straight to the GND plane. NC pins tied to the facing IO channel for straight-through routing (SLVSBO7O Table 4-2 p.4, Fig. 4-3; P1-27): 7 = MISO, 6 = CS0_N; 9/10 stay NC.,ESD for J11 pins 15/25/27/31 (EXP_SPI_CS1_N, EXP_I2C_SCL, EXP_I2C_SDA, EXP_RST_N). 4-ch 0.5 pF array, no VCC pin (no back-power path); pad-to-pad <=3 mm from J11 on B.Cu, GND pins straight to the GND plane. NC pins tied to the facing IO channel for straight-through routing (SLVSBO7O Table 4-2 p.4, Fig. 4-3; P1-27): 10 = CS1_N, 6 = RST_N; 9/7 stay NC.,ESD for J11 pins 16/26/28/32 (EXP_INT1_N, EXP_IO0, EXP_IO1, EXP_DETECT_N). 4-ch 0.5 pF array, no VCC pin (no back-power path); pad-to-pad <=3 mm from J11 on B.Cu, GND pins straight to the GND plane. NC pins tied to the facing IO channel for straight-through routing (SLVSBO7O Table 4-2 p.4, Fig. 4-3; P1-27): 10 = DETECT_N, 9 = IO1, 7 = IO0, 6 = INT1_N, feeding RN401 1:1.,ESD for J11 pins 33/35 (EXP_GATE, EXP_SYNC); channels D2+/D2- spare (NC). 4-ch 0.5 pF array, no VCC pin (no back-power path); pad-to-pad <=3 mm from J11 on B.Cu, GND pins straight to the GND plane. NC pins tied to the facing IO channel for straight-through routing (SLVSBO7O Table 4-2 p.4, Fig. 4-3; P1-27): 9 = SYNC; 6/7/10 stay NC.,ESD for J11 pins 6/8/10/14 (EXP_TMR0, EXP_TMR_IN, EXP_TMR1, EXP_INT0_N). 4-ch 0.5 pF array, no VCC pin (no back-power path); pad-to-pad <=3 mm from J11 on B.Cu, GND pins straight to the GND plane. NC pins tied to the facing IO channel for straight-through routing (SLVSBO7O Table 4-2 p.4, Fig. 4-3; P1-27): 10 = INT0_N, 9 = TMR1, 7 = TMR_IN, 6 = TMR0.","4-Channel ESD Protection for Super-Speed USB 3.0 Interface, USON-10","","0.084","JLC Extended, stock 167721,JLC stock 167721 (2026-09-29),LOCAL_INDEX_NOT_LIVE_QUOTE (JLC stock 167721)","https://jlcpcb.com/partdetail/C138714","https://www.ti.com/lit/ds/symlink/tpd4e05u06.pdf"
"F1","MF-MSMF150/24X-2","RFVD_MVP_Footprints:Fuse_Bourns_MF-MSMF_Style2_4532Metric","1","","BOURNS","MF-MSMF150/24X-2","C78695","C78695","Resettable 1.5 A hold / 24 V PTC from PACK_RAW (J2.1, unfused pack +) to PACK_FUSED (then Q303 to VBAT_PACK); reflow only, no hand or wave soldering.","Resettable fuse, polymeric positive temperature coefficient","","0.146","JLC stock 7631 (2026-09-29)","https://jlcpcb.com/partdetail/C78695","https://www.bourns.com/docs/Product-Datasheets/mfmsmf.pdf"
"F201","200mA PTC","Fuse:Fuse_0603_1608Metric","1","","BHFUSE","BSMD0603-020-16V","C883092","C883092","200mA-hold PTC protecting the VSYS-fed backlight anode path that leaves the board on the J4 FPC.","Resettable fuse, polymeric positive temperature coefficient","","","JLC stock checked 2026-09-29","https://jlcpcb.com/partdetail/C883092","https://www.lcsc.com/datasheet/C883092.pdf"
"FB1","600R@100MHz 500mA","Inductor_SMD:L_0603_1608Metric","1","","Murata Electronics","BLM18AG601SN1D","C19330","C19330","Filters high-frequency supply noise between +3V3_D and +3V3_A. Put C44/C45 on the analog side, keep ground continuous, and check the loaded bead/capacitor response for ringing; damped by R109/C100 at pad 2.","","","0.016","JLC stock 604571 (2026-09-29)","https://jlcpcb.com/partdetail/C19330","https://www.murata.com/en-us/api/pdfdownloadapi?cate=cgsubChipFerriBead&partno=BLM18AG601SN1%23"
"FB201","600R@100MHz","Inductor_SMD:L_0603_1608Metric","1","","Murata Electronics","BLM18AG601SN1D","C19330","C19330","600R/500mA ferrite bead isolating backlight anode current edges on LCD_LED_A from VSYS.","Ferrite bead","","","JLC stock checked 2026-09-29","https://jlcpcb.com/partdetail/C19330","https://www.murata.com/en-us/api/pdfdownloadapi?cate=cgsubChipFerriBead&partno=BLM18AG601SN1%23"
"FL1","NFM18PC104R1C3D","RFVD_MVP_Footprints:Murata_NFM18PC_0603_3T","1","","Murata Electronics","NFM18PC104R1C3D","C111493","C111493","Feed-through filter into the RF/AFE area: +5V_A enters here and leaves as +5V_RF (U2 VPOS, C1, C3, C5-C8, C901, U1). S21 about -59 to -68 dB at 64/128 MHz. Rev A has no shield can; place it on the east wall of the AFE GND ring (P1-17 / D16, checkpoint 4) with both GND pads straight into ring copper, at least 2 GND vias per GND pad.","3-terminal feed-through EMI filter capacitor, 100 nF 16 V 2 A, 1608M(0603)","","","JLC stock 176,524 at $0.063 (jlcpcb.db 2026-09-29); new BOM line (UP-03)","https://jlcpcb.com/partdetail/C111493","https://www.murata.com/en-global/products/productdetail?partno=NFM18PC104R1C3%23"
"H5,H6","BSMTSOM250BTR","RFVD_MVP_Footprints:Standoff_SMT_M2_BZXC_BSMTSOM2_Hole3.8mm_Pad6.2mm","2","","BZXC","BSMTSOM250BTR","C20617226","C20617226","M2x0.4 x 5.0 mm SMT standoff for the shield, on B.Cu at (x 67.5, y 9.0) (asymmetric keying vs H6 so a reversed shield cannot be screwed down), pad to GND; datasheet land is a 3.73 +0.08 mm hole and 6.2 mm pad (not a 1.6 mm pilot); add a 0.15 mm PEEK/polyimide shim so the 5.15 mm Samtec stack never bottoms J11; M2x4 PEEK/Ti screws, 1.5 kgf.cm max.,M2x0.4 x 5.0 mm SMT standoff for the shield, on B.Cu at (x 87.0, y 31.0) (asymmetric keying vs H5 so a reversed shield cannot be screwed down), pad to GND; datasheet land is a 3.73 +0.08 mm hole and 6.2 mm pad (not a 1.6 mm pilot); add a 0.15 mm PEEK/polyimide shim so the 5.15 mm Samtec stack never bottoms J11; M2x4 PEEK/Ti screws, 1.5 kgf.cm max. Layout (2026-09-29 pass): H6 at (224.4, 119.8) PCB coordinates, supersedes the x 87.0 / y 31.0 note above.","Mounting Hole with connection","","0.087","LOCAL_INDEX_NOT_LIVE_QUOTE (JLC stock 260; magnet-screen: brass vs tin-plated Cu listing conflict)","https://jlcpcb.com/partdetail/C20617226","https://datasheet.lcsc.com/datasheet/pdf/4659bcdff5d2947417fed6a54b802cab.pdf?productCode=C20617226"
"J1","AIMD_IN","Connector_Coaxial:U.FL_Hirose_U.FL-R-SMT-1_Vertical","1","","Hirose Electric","U.FL-R-SMT-1(80)","C88374","","Connects the AIMD coax to the series RF input network; the input is not a 50-ohm termination. Bond the shield to the ground plane at entry and keep the center-pin path to R1 short. Input limit at J1 (P1-18, model-derived; confirm in X10): <= 22 Vpk CW at 127.74 MHz, <= 24 Vpk CW at 63.86 MHz; a 40 Vpk CW soak is not supported. Short pulses: about 34 Vpk by the R1/R2 power model only; the ADL5511 RFIN 5.6 Vpp abs max is reached at about 28.5-29.3 Vpk with the de-embedded S1P, so larger R1/R2 alone do not raise the limit and pulses stay below 28 Vpk until X10 measures it.","","","0.11","JLC stock 84,955 at $0.11 (2026-09-30); same U.FL-R-SMT-1 receptacle and land as J300, 10k-reel packing (S01)","https://jlcpcb.com/partdetail/C88374","https://www.hirose.com/en/product/p/CL0331-0472-2-01"
"J2","2053380004","RFVD_MVP_Footprints:Molex_Pico-Lock_205338-0004_1x04-1MP_P2.00mm_Horizontal","1","","MOLEX","2053380004","C916325","C916325","Locking 4-way 2S pack connector: 1 PACK+, 2 BATT_MID (balance tap), 3 PACK-/GND, 4 BATT_NTC (10k 103AT); mounting tabs to GND. Layout: 4.0 mm inboard on B.Cu with the plug under the board (BM-01). MANDATORY PACK (P0-3): 2S Li-ion with an integrated per-cell PCM (cell UV cut-off 2.5-2.8 V, OV 4.30-4.35 V, discharge over-current and short-circuit protection), 10k 103AT NTC on pin 4, Molex Pico-Lock 205338 housing wired 1 PACK+ / 2 MID / 3 PACK- / 4 NTC. The board has no hardware deep-discharge cut-off: BQ25798 VBAT_UVLO (3.05-3.31 V) acts on the whole pack and U302/U303/BATP drain VBAT_PACK ahead of the ship FET; firmware stops RECORD at VBAT <= 6.6 V and shuts down at <= 6.2 V.","Generic connectable mounting pin connector, single row, 01x04, script generated (kicad-library-utils/schlib/autogen/connector/)","","0.51","JLC stock 21287 (2026-09-29)","https://jlcpcb.com/partdetail/C916325","https://www.molex.com/pdm_docs/sd/2053380004_sd.pdf"
"J3","DM3AT-SF-PEJM5","Connector_Card:microSD_HC_Hirose_DM3AT-SF-PEJM5","1","","Hirose Electric","DM3AT-SF-PEJM5","C114218","C114218","Holds the removable four-bit SDMMC recording card and reports card presence. Place at an accessible edge; retain its mechanical keepouts, shield grounds and nearby ESD devices.","","","1.772","LOCAL_INDEX_NOT_LIVE_QUOTE","https://jlcpcb.com/partdetail/C114218",""
"J4","XF2M-4015-1A","RFVD_MVP_Footprints:Omron_XF2M-4015-1A_1x40-1MP_P0.5mm_Horizontal","1","","Omron Electronics","XF2M-4015-1A","C225713","C225713","40-pin 0.5 mm dual-contact FPC connector for the NHD-2.4-240320AF-CSXP-CTP TFT (ST7789Vi, 8080-II 8-bit on DB8-DB15, TE pin 40 not connected: FEAT-6, firmware paces writes). Pin 13 RDX tied to +3V3_UI (write-only), pin 31 IM0 to +3V3_UI, pins 32/33 IM1/IM2 to GND.","Generic connectable mounting pin connector, single row, 01x40, script generated (kicad-library-utils/schlib/autogen/connector/)","","","JLC stock checked 2026-09-29","https://jlcpcb.com/partdetail/C225713",""
"J8","84953-6","Connector_FFC-FPC:TE_84953-6_1x06-1MP_P1.0mm_Horizontal","1","","TE Connectivity","84953-6","C408826","C408826","6-pin 1.0 mm top-contact FPC connector for the FT5426 capacitive touch panel (I2C2, address 0x38). MP pads to GND.","Generic connectable mounting pin connector, single row, 01x06, script generated (kicad-library-utils/schlib/autogen/connector/)","","","JLC stock checked 2026-09-29","https://jlcpcb.com/partdetail/C408826",""
"J10","TYPE-C-31-M-12","RFVD_MVP_Footprints:USB_C_Receptacle_HRO_TYPE-C-31-M-12","1","","Korean Hroparts Elec","TYPE-C-31-M-12","C165948","C165948","USB-C 2.0 sink receptacle (lid-open service/charge port; right-angle low-profile, board edge). VBUS to the charger, D+/D- to STM32 USB FS and BQ25798 BC1.2 detection, CC1/CC2 5.1k Rd, shell to GND.","USB 2.0-only 16P Type-C Receptacle connector","","0.185","JLC stock 90528 (2026-09-29)","https://jlcpcb.com/partdetail/C165948","http://www.krhro.com/uploads/soft/180320/1-1P320120243.pdf"
"J11","LSHM-120-02.5-L-DV-A-N-K-TR","RFVD_MVP_Footprints:Samtec_LSHM-120-xx.x-x-DV-S_2x20-1SH_P0.50mm_Vertical","1","","Samtec","LSHM-120-02.5-L-DV-A-N-K-TR","C6287797","C6287797","RFVD-EXP v1.1 expansion mezzanine (40-pin Samtec LSHM 0.5 mm hermaphroditic, 5.0 mm stack) on B.Cu, mirrored, at about x 72, y 15.5-31.5 in the shield bay; 12 GND, +3V3_EXP 3/4/37/38, EXP_VHP 19-22 (symmetric under row swap and end reversal); pins 33-35 allocated in RFVD-EXP v1.1 (EXP_GATE, EXP_ANA_MON, EXP_SYNC), pin 36 reserved NC; -S superset footprint whose SH pads become GND vias with the -N part; LSHM-120-02.5-L-DV-A-S-K-TR (C3654193) is the alternate.","Samtec LSHM-120 0.5 mm hermaphroditic 2x20 mezzanine, odd/even numbering per the LSHM footprint print, SH = shield/hold-down pads (drawn at 3.81 mm pin pitch for label clearance)","","4.484","CONSIGN_FROM_SAMTEC (JLC/LCSC 57 on local index; Samtec direct 3833 at 4.484 USD)","https://www.samtec.com/products/lshm-120-02.5-l-dv-a-n-k-tr","https://suddendocs.samtec.com/productspecs/lshm.pdf"
"J300","CAL_IN","Connector_Coaxial:U.FL_Hirose_U.FL-R-SMT-1_Vertical","1","","Hirose Electric","U.FL-R-SMT-1(80)","C88374","C88374","Calibration input for the shield jumper W1 (U.FL plug). +20 dBm CW max, termination-limited (RF-05): at +20 dBm R300/R301 dissipate 50 mW each of their 100 mW rating, +23 dBm would be 100 %; never exceed. Placed 6.50 mm east of J1, same orientation; F.SilkS 'CAL' (and 'AIMD' at J1) are on the board. Rated 30 mating cycles; firmware logs the mate count. Ref is J300, not J8: J8 is the touch-panel connector (TE 84953-6) in the adopted display plan.","small coaxial connector (BNC, SMA, SMB, SMC, Cinch/RCA, LEMO, ...)","","","JLC 101,758 at $0.11","",""
"L1","4.7uH","Inductor_SMD:L_Coilcraft_XAL4020-XXX","1","","Coilcraft","XGL4020-472MEC","C6012418","C6012418","Stores and transfers energy from U6 SW to +3V3_D. Keep the SW-to-L1 path and output loop compact, orient the marked winding start toward SW, and separate it from RF and reference circuits. 4.7 uH molded composite, 47.3 mOhm, 2.1 mm max, Isat >= IPEAKMAX; Case A only.","","","2.217","Original XGL4020-472MEC kept (lead decision 2026-10-04: keep originals + JLC Global Sourcing from DigiKey/Coilcraft; 4.7 uH keeps the lower ripple).","https://jlcpcb.com/partdetail/C6012418","https://www.lcsc.com/product-detail/C6012418.html"
"L301","1uH","Inductor_SMD:L_Coilcraft_XAL4020-XXX","1","","Coilcraft","XAL4020-102MEC","C4555951","C4555951","1 uH buck-boost inductor between SW1 and SW2, mandatory for 1.5 MHz (SLUSDV2C 8.2.2.2); Isat 8.7 A; magnetic core, Case A only.","Inductor","","4.437","CONSIGNED (S05): 3 pcs XAL4020-102MEC from Mouser 994-XAL4020-102MEC ($2.09, 145 in stock, search snippet 2026-09-30) or with the Coilcraft L1 order; JLC stock C4555951 $4.44 is the fallback","https://jlcpcb.com/partdetail/C4555951","https://www.coilcraft.com/getmedia/6adcb47d-8b55-416c-976e-1e22e0d2848c/xal4000.pdf"
"Q201,Q303","AO3401A","Package_TO_SOT_SMD:SOT-23","2","","Alpha & Omega Semicon","AO3401A","C15127","C15127","High-side P-MOSFET that connects VSYS to the backlight anode LCD_LED_A only while UI_EN is high (Vgs about -0.9 x VSYS; keep VSYS below 13 V for the 12 V Vgs rating).,I1 reverse-polarity protection: P-MOSFET, drain on PACK_FUSED (after F1), source on VBAT_PACK, gate to GND via R322. A correctly connected pack turns it on (Vgs = -VBAT, 8.4 V max vs +/-12 V rating); a reversed harness leaves the body diode reverse-biased and the FET off. Place between F1 and the VBAT_PACK node, in the J2 notch.","-4.0A Id, -30V Vds, P-Channel MOSFET, SOT-23","","","Existing BOM line C15127 (same as Q201); no new feeder line,JLC stock checked 2026-09-29","https://jlcpcb.com/partdetail/C15127","http://www.aosmd.com/pdfs/datasheet/AO3401A.pdf"
"Q202,Q302","2N7002","Package_TO_SOT_SMD:SOT-23","2","","Jiangsu Changjing Electronics Technology Co., Ltd.","2N7002","C8545","C8545","Level shifter: UI_EN high turns Q202 on and pulls Q201 gate low through R210, enabling the backlight supply.,Pulls BQ29209 CB_EN low (balancing on) only while VBUS is present, per SLUSA52C 8.3.4 and 8.3.6 (no balancing at low SOC).","0.115A Id, 60V Vds, N-Channel MOSFET, SOT-23","","0.018","JLC stock 1684718 (2026-09-29),JLC stock checked 2026-09-29","https://jlcpcb.com/partdetail/C8545","https://www.onsemi.com/pub/Collateral/NDS7002A-D.PDF"
"Q203,Q301","AO3400A","Package_TO_SOT_SMD:SOT-23","2","","Alpha & Omega Semicon","AO3400A","C20917","C20917","External ship FET per SLUSDV2C Fig. 7-15 (source to BAT pins, drain to VBAT_PACK, gate from SDRV); turning it off in ship or shutdown mode removes VSYS so U6/U7 switch off. Firmware sets SFET_PRESENT=1.,Low-side N-MOSFET that PWM-switches the four CCR backlight strings (LCD_BL_SW to GND) from LCD_BL (TIM3_CH1, 1 kHz).","30V Vds, 5.7A Id, N-Channel MOSFET, SOT-23","","0.085","JLC stock 1071707 (2026-09-29),JLC stock checked 2026-09-29","https://jlcpcb.com/partdetail/C20917","http://www.aosmd.com/pdfs/datasheet/AO3400A.pdf"
"R1,R2,R410","1.50k","Resistor_SMD:R_0402_1005Metric","3","","YAGEO","RT0402BRD071K5L","C281775","C281775","Forms the detector-side half of the 3.0k series RF network with R1, sharing its voltage and dissipation. Keep the R1-R2-C2 path compact to limit parasitic coupling around the resistors.,Forms the input-side half of the 3.0k series RF network with R2, sharing its voltage and dissipation. Place directly after J1 in the compact J1-R1-R2-C2 path.,U402 current limit: RILM = 903/(ILIM-0.0112) (SLVSET8A Eq.5); 1.50k 0.1 % -> 0.613 A nominal for the 2.14 W max / 0.39 A DDS calibration shield; place at U402 pin 7 with a short GND return.","Resistor","","0.0322,0.11","JLC stock 120,421 (0.1 %, 25 ppm/K, 62.5 mW); same thin-film series as R302 so the CAL_IN ratio R(f) tracks in temperature,JLC stock 94,815 at $0.0322 (2026-09-30); R1/R2 line, 0.1 % 25 ppm (S12)","https://jlcpcb.com/partdetail/C281775,https://www.digikey.com/en/products/detail/panasonic-industry/ERA-2AEB152X/1706009","https://www.yageo.com/upload/media/product/productsearch/datasheet/rchip/PYu-RT_1-to-0.01_RoHS_L_14.pdf"
"R3","22.6k","Resistor_SMD:R_0603_1608Metric","1","","YAGEO","RT0603BRD0722K6L","C861236","C861236","Sets the single EREF low-pass pole with C17 (22.6k x 10 nF = 704 Hz, S-27). Carries no DC current (OPA2320 IB <= 50 pA to 85 C, about 1.1 uV). EREF_RAW enters at pad 1; pad 2 runs on F.Cu to U3 pin 3, then under U3 to pin 5 and C17.","","","0.048","JLC stock 9,420 (Konnect JLC DB snapshot 2026-09-29); LCSC page 9,160 (2026-10-04); 0.1 % 25 ppm/K thin film 100 mW 75 V; Extended","https://jlcpcb.com/partdetail/C861236","https://www.lcsc.com/datasheet/lcsc_datasheet_2203300930_YAGEO-RT0603BRD0722K6L_C861236.pdf"
"R4,R6","2.26k","Resistor_SMD:R_0603_1608Metric","2","","RESI","PTFR0603B2K26P9","C47115856","C47115856","Connects the first VENV filter junction to U4A's noninverting input. Place beside C12 and keep the input-node trace short.,Feeds VENV_RAW into the first VENV low-pass section. Keep the R4/R6/C11 junction compact beside U4A and away from digital traces.","Resistor","","0.116","JLC stock 2610 (2026-09-29)","https://jlcpcb.com/partdetail/C47115856","https://www.lcsc.com/datasheet/lcsc_datasheet_2504101957_RESI-PTFR0603B2K26P9_C47115856.pdf"
"R8,R10","1.33k","Resistor_SMD:R_0603_1608Metric","2","","YAGEO","RT0603BRD071K33L","C861196","C861196","Connects the second VENV filter junction to U4B's noninverting input. Place beside C19 and keep the input-node trace short.,Feeds the first VENV stage output into the second low-pass section. Keep the R8/R10/C18 junction compact beside U4B.","Resistor","","0.035","LOCAL_INDEX_NOT_LIVE_QUOTE","https://jlcpcb.com/partdetail/C861196","https://yageogroup.com/component-documentation/download/specsheet/RT0603BRD071K33L"
"R11,R12,R39,R64","33R 1%","Resistor_SMD:R_0603_1608Metric","4","","UNI-ROYAL","0603WAF330JT5E","C23140","C23140","Damps PSRAM IO2 at the source, U8 pin 1. Since S-17 it is the only resistor on IO2 (R65 removed): the APS6404L drives at 50R. Keep the launch from U8 pin 1 short over continuous GND.,Damps the MCU-driven PSRAM clock. Place beside U8 pin 36, with a short source trace and a continuous ground reference to U9 pin 6. Check clock swing and edge timing at the RAM pin.,Isolates U3B's output from the ADC_EREF sampling load and C21. Keep it in series between the filter output and the ADC node, with C21 on the MCU side. S-3: 33R with C21 2.2 nF C0G (tau 72.6 ns, 2.19 MHz).,Isolates U4B's output from the ADC_VENV sampling load and C22. Keep it in series between the filter output and the ADC node, with C22 on the MCU side. S-3: 33R with C22 2.2 nF C0G (tau 72.6 ns, 2.19 MHz).","Resistor","","0.003,0.006","Sourcing package 2026-10-04: RC0603FR-0733RL -> 0603WAF330JT5E (C23140). YAGEO RC0603FR-0733RL: not in JLC stock; JLC Basic, same 1 % / ±100 ppm, 100 mW","https://jlcpcb.com/partdetail/C23140","https://www.lcsc.com/datasheet/C23140.pdf"
"R13,R102,R109,R902,R907","1R","Resistor_SMD:R_0402_1005Metric","5","","FOJAN","FRC0402J1R0 TS","C2906901","C2906901","Adds series resistance to the C25 reference-output capacitor branch for noise and stability behavior. Keep R13 next to C25; the ADC reference supply connects directly to U5's output node.,Fitted R-C damper for the FB1/+3V3_A resonance (rule R57): +11.8 dB at 41.5 kHz -> +1.6 dB; Zout 3.66 -> 0.86 ohm,Isolates microSD write-current steps from +3V3_D/FB1/+3V3_A (3.4 kHz with C63); feeds the local +3V3_SD rail (J3.4, C62, C63, U901 VCC/RDATA_VCC),LT3045 input isolation from the VSYS switching edges: 1R in series with IN (LT3045 Rev D p.18: 0.1 to 0.5 Ohm of series R damps the input LC, R55). With C31 it is U7's input filter; the C27 VSYS polymer was removed (S-8).,Links +3V3_D from C53 to U13 VLOGIC (net ADC_VLOGIC) as the R31 option footprint: fitted 1R, or replace with a 0402 bead or 0R. Place between C53 pad 1 and C107 pad 1 on F.Cu. Layout: east of C22.","Resistor","","0.005,0.008","Sourcing package 2026-10-04: RC0402FR-071RL -> FRC0402J1R0 TS (C2906901). YAGEO RC0402FR-071RL: JLC stock 8; FOJAN 1R ±5 % / ±200 ppm, JLC stock 3,987,036. Damping / isolation role only (not sensing): 5 % is adequate","https://jlcpcb.com/partdetail/C2906901","https://www.lcsc.com/datasheet/C2906901.pdf"
"R14","49.9k","Resistor_SMD:R_0603_1608Metric","1","","Panasonic Industry","ERA3AEB4992V","C491136","C491136","Sets U7's nominal output to about 4.99 V through the SET current. Place beside SET pin 8 and C34, with its ground reference in C36's local ground region.","","","0.076","LOCAL_INDEX_NOT_LIVE_QUOTE","https://jlcpcb.com/partdetail/C491136","https://industrial.panasonic.com/ww/products/pt/high-precision-chip-resistors/models/ERA3AEB4992V"
"R15,R46,R47,R901","1k 1%","Resistor_SMD:R_0402_1005Metric","4","","UNI-ROYAL","0402WGF1001TCE","C11702","C11702","SC-11: 1k in series between the SW1 button line (RECORD_N) and the C67/U8 pin 2 node (RECORD_N_MCU, pulled up by the PE3 internal pull-up; R44 removed, FEAT-5). Limits the C67 discharge on a press to 3.3 mA and damps the long button trace with C67 (low-pass); pressed level 3.3 V x 1k/41k = 0.08 V (40k typ internal pull-up), below VIL 0.3 x VDD. B side at the U8 end of the line.,SC-11: 1k in series between the SW2 button line (MARK_N) and the C70/U8 pin 3 node (MARK_N_MCU, pulled up by the PE4 internal pull-up; R49 removed, FEAT-5). Limits the C70 discharge on a press to 3.3 mA and damps the long button trace with C70 (low-pass); pressed level 3.3 V x 1k/41k = 0.08 V (40k typ internal pull-up), below VIL 0.3 x VDD. B side at the U8 end of the line.,Sets U7's programmed output current limit. Place beside ILIM pin 6 with a short return to the regulator's ground pin 9 region.,Source series R for BUCK_SYNC at PB1","Resistor","","0.004","Sourcing package 2026-10-04: RC0402FR-071KL -> 0402WGF1001TCE (C11702). YAGEO RC0402FR-071KL: not in JLC stock (mirror 2026-10-04); JLC Basic, same 1 % / ±100 ppm","https://jlcpcb.com/partdetail/C11702","https://www.lcsc.com/datasheet/C11702.pdf"
"R16","23.2k 1%","Resistor_SMD:R_0402_1005Metric","1","","UNI-ROYAL(Uniroyal Elec)","0402WGF2322TCE","C25873","C25873","Forms the upper buck feedback resistor (RFBT), sensing +3V3_D after L1. P1-23/D24: 23.2k/10k gives VOUT = 1.00 V x (1 + 23.2/10) = 3.320 V (3.24-3.40 V with VFB 0.99-1.01 V and 1 % resistors) and RFBT||RFBB = 6.99 kOhm (6.92-7.06 kOhm), mid-window of the 5-10 kOhm feedback-detect range (SNVSBY5B 9.2.2.2.1 Eq. 5 (was SNVSBE0H 8.2.2.2.1 Eq.5; Eq.6 RFBT <= 33.2 kOhm met). Place beside U6 FB pin 8 and sense the output-capacitor node away from SW copper.","","","0.002","JLC stock 97,825 (Konnect JLC DB 2026-09-29). P1-23/D24: 33.2k -> 23.2k.","https://jlcpcb.com/partdetail/C25873","https://www.lcsc.com/datasheet/lcsc_datasheet_2206010045_UNI-ROYAL-Uniroyal-Elec-0402WGF2322TCE_C25873.pdf"
"R17,R20,R205,R208,R210,R601","10k 1%","Resistor_SMD:R_0402_1005Metric","6","","UNI-ROYAL","0402WGF1002TCE","C25744","C25744","10k bleeder that discharges +3V3_UI below 0.1 V roughly 40 ms after UI_EN goes low (about 1.15 uF left after C68 was removed, S-12), because the TPS2553 has no output discharge. Firmware UI power-cycle guard >= 50 ms (CTP Tpdt >= 5 ms below 0.3 V).,10k from Q201 gate to Q202 drain; with R209 it divides VSYS so Q201 turns on when UI_EN drives Q202.,10k pull-up on the FT5426 open-drain interrupt TP_INT (J8.5) to switched +3V3_UI.,Forms the lower buck feedback resistor (RFBB) with R16: 23.2k/10k -> 3.320 V, RFBT||RFBB 6.99 kOhm (P1-23). Keep the FB junction compact and return it to the quiet local U6 ground region. Layout: lower FB divider arm in the northern FB cluster beside C41/R16 (FB pad 4.4 mm from SW, 0.36 mm from C41.1), GND pad with its own via, never on the SW/BOOT side (R50). First power-up current-limited; abort if TP11 > 3.6 V (a feedback-detect misread would drive +3V3_D toward VSYS).,Holds BOOT0 low for the normal boot selection (user flash). B side under U8 pin 94, joined by the pin-94 via-in-pad, so BOOT0 has no floating branch (S-16: SW4/R801 removed; no B test pad allowed in the K9 battery window). Bench recovery: strap pad 1 (BOOT0) to +3V3_D, about 0.33 mA into this 10k, while pressing RESET to start the ROM bootloader; normal DFU entry is the firmware boot stub.,Holds PA4 (U8 pin 28) high so the ROM bootloader's SPI1 NSS stays deasserted in DFU (P1-22). PA4 is otherwise unused after EXP_ANA_MON moved to PC0 (S-5). B.Cu at U8 pin 28, pad 2 to the +3V3_D via.","Resistor","","0.003,0.004","Sourcing package 2026-10-04: RC0402FR-0710KL -> 0402WGF1002TCE (C25744). YAGEO RC0402FR-0710KL: JLC stock 32 (mirror 2026-10-04); JLC Basic, same 1 % / ±100 ppm / 62.5 mW; merges with R441/R442","https://jlcpcb.com/partdetail/C25744","https://www.lcsc.com/datasheet/C25744.pdf"
"R24,R25,R41,R43,R51,R52","100k 0.1%","Resistor_SMD:R_0603_1608Metric","6","","YAGEO","RT0603BRD07100KL","C122538","C122538","100k gate pull-down keeping backlight switch Q203 off while U8 resets or LCD_BL is not driven.,100k pull-down holding LCD_RST (J4.30 RESX) low while U8 PA2 is analog or in reset; with the CS/WR pull-ups removed (S-11) it is also the hardware guard against spurious 8080 writes while the panel is powered and FMC is undriven (ST7789V 8.16: RESX has priority over CSX). Place near J4.,Forms the lower arm of the +5V_A monitor divider (0.1 % 25 ppm thin film with R24, S03). Return beside C61 to quiet ground near U8 pin 16.,Forms the upper arm of the +5V_A monitor's divide-by-two network (0.1 % 25 ppm thin film with R25: ratio +/-0.1 %, S03). Place with R25 and C61; keep the sense branch clear of switching nodes.,Keeps display power disabled while U8 resets. Place at U10 pin 3 so the enable input stays defined before firmware starts.,Sets U10's display-branch current limit: 100k 0.1 % gives IOS 234 / 266 / 303 mA min / nom / max (SLVSDL7 9.5.1 Eq.1, valid 15k-232k); the +3V3_UI load is logic only (panel and touch IDD <= 38 mA; the backlight runs from VSYS via Q201). Place directly between ILIM pin 5 and local ground, clear of output-current and clock routes. Keep the 0603 land (an 0402 pad 2 would short to the UI_FAULT_N via).","","","0.032","JLC stock 1,241,594 (Konnect JLC DB 2026-09-29); joins the C122538 line (R21/R24/R25/R41/R51/R52). S-25/SC-06: 66.5k 1% C137691 -> 100k 0.1%.,JLC stock 1,279,638 at $0.032 (jlcpcb.com/partdetail/C122538, 2026-09-30); 0.1 % 25 ppm/K thin film; one line for R21/R24/R25/R41/R51/R52 (S03)","https://jlcpcb.com/partdetail/C122538","https://www.yageo.com/en/Product/Index/rchip"
"R26","33R 1%","Resistor_SMD:R_0402_1005Metric","1","","UNI-ROYAL","0402WGF330JTCE","C25105","C25105","Damps the 12 MHz oscillator output before U8's HSE input. Place at Y1 pin 3 and route the clock over uninterrupted ground, clear of RF and ADC nodes.","","","0.0036","Sourcing package 2026-10-04: RC0402FR-0733RL -> 0402WGF330JTCE (C25105). YAGEO RC0402FR-0733RL: JLC stock 47; JLC Basic, same 1 % / ±100 ppm","https://jlcpcb.com/partdetail/C25105","https://www.lcsc.com/datasheet/C25105.pdf"
"R40,R42,R45,R48","4.7k 1%","Resistor_SMD:R_0603_1608Metric","4","","UNI-ROYAL(Uniroyal Elec)","0603WAF4701T5E","C23162","C23162","4.7k pull-up on touch I2C clock TP_SCL (J8.3) to switched +3V3_UI; place near J8.,4.7k pull-up on touch I2C data TP_SDA (J8.4) to switched +3V3_UI; place near J8.,Keeps PSRAM deselected while the MCU resets. Place at U9 pin 1 with a short branch to +3V3_D.,Pulls U10's open-drain fault output up to the MCU supply. Place near the fault connection with a short branch; keep it on unswitched +3V3_D.","","","0.0015","BOM merge 2026-10-04 (PAS-02): 0603WAF1002T5E C25804 10k 1% -> 0603WAF4701T5E C23162 4.7k 1 % 100 mW (JLC Basic, live JLC stock 7,433,362); one 0603 4.7k pull-up line (R40, R42, R45, R48).,BOM merge 2026-10-04 (PAS-02): RC0603FR-074K7L C99782 4.7k 1% -> 0603WAF4701T5E C23162 4.7k 1 % 100 mW (JLC Basic, live JLC stock 7,433,362); one 0603 4.7k pull-up line (R40, R42, R45, R48).","https://jlcpcb.com/partdetail/C23162","https://www.lcsc.com/datasheet/C23162.pdf"
"R53,R54,R404,R417,R418","2.2k","Resistor_SMD:R_0402_1005Metric","5","","UNI-ROYAL(Uniroyal Elec)","0402WGF2201TCE","C25879","C25879","+3V3_EXP bleeder: with 10 uF + the 22 uF shield maximum the rail falls from 3.3 V to <0.3 V in ~170 ms (2.2k x 32 uF x ln 11), inside the 500 ms ARM-time OFF check; 0402 near J11.,EXP_I2C_SCL 2.2k pull-up to +3V3_EXP (TCA9517A B side; only shield-side pull-ups go to +3V3_EXP); place at U403 pin 7.,EXP_I2C_SDA 2.2k pull-up to +3V3_EXP (TCA9517A B side); place at U403 pin 6.,Pulls the temperature sensor's I2C clock high. Keep its branch short while leaving space from U11 so resistor heating does not bias the reading.,Pulls the temperature sensor's I2C data high. Keep its branch short while separating its dissipation from U11's temperature-sensing location.","Resistor","","0.001,0.005","BOM merge 2026-10-04 (PAS-01): RC0402FR-074K7L C105871 4.7k -> 0402WGF2201TCE C25879 2.2k (JLC Basic, joins the R404/R417/R418 2.2k line; live JLC stock 694,494). I2C1 pull-up 1.55 mA < 3 mA sink; TMP117 SNOSD82D 8.2.2.2 pull-up > 2 kOhm met (2.178k at -1 %).,LOCAL_INDEX_NOT_LIVE_QUOTE (JLC stock 1180044)","https://jlcpcb.com/partdetail/C25879","https://www.lcsc.com/datasheet/C25879.pdf"
"R100,R103,R213,R313,R317,R318,R434","100R","Resistor_SMD:R_0402_1005Metric","7","","UNI-ROYAL","0402WGF1000TCE","C25076","C25076","100 R from the pack side (after F1) to BATP sense per SLUSDV2C Table 5-1 / Fig. 7-15; keeps the charger powered in ship mode.,100R series source termination of the 8080 D/C line: U8 pin 5 (PE6, FMC_A22) LCD_DC_MCU to LCD_DC (J4.11 DCX). 100R instead of the arrays' 47R: same BOM line as R100/R434 (no new line) and slower edges on the FPC; D/C setup to WRX is 0 ns min (ST7789V 8080-II) and 100R x ~15 pF is ~1.5 ns. P1-20: D/C left RN203 so the array serves the U8 south-row pins only. R213 sits on B under U8 on the existing D/C F escape (via-in-pad on pin 1): 4.86 mm of F track, was 11.1 mm to RN203. A site at pin 5 is not connectable: any via there falls inside K17_LSE_GUARD (B) or within 0.15 mm of U8.6 VBAT_RTC.,BQ29209 RCB 100R, mid-tap to VC1_CB bottom-cell balance path (ICB1 = VC1/(RCB+RCB1), about 10 mA). R33 exception: BATT_MID is an unfused cell tap, so no shunt capacitor; 261R/100R at J2 act as the series filter.,BQ29209 RVD 100R supply filter from VBAT_PACK to VDD (SLUSA52C Fig. 9).,Damps U13 SDOA edges at their source (AD7380 Rev A p.16: 100R in series close to SDOA), which toggle while the next conversion runs, and limits contention current on PE14. B.Cu under U13 with pad 1 on the pin-13 via-in-pad (EXTADC-03).,Isolates U4B's VENV_BUF output from the U13 pin 5 sampling kick and forms the RF low-pass with C102 (100R x 2.2 nF, 0.72 MHz). 100R (S-26) keeps the AINB- overload current <= 5 mA now that the AD7380 internal 2.5 V reference sets the VREF + 0.3 V input limit (AD7380 Rev A Table 5). Place north of C102 and feed pad 1 from U4 pin 7 on F.Cu between C19 and R12.,RFVD-EXP v1.1 EXP_SYNC (U8 PB7, TIM4_CH2) 100R source termination for the shield buck sync. EXP_SYNC runs at 2.400 MHz (240 MHz/100; every harmonic >= 540 kHz from the protected MRI frequencies), see docs/FIRMWARE_NOTES.md section 1; static low when the shield has no buck. Place within 10 mm of U8 PB7.","Resistor","","0.0012","BOM 2026-10-04 (PAS-10): RC0402FR-07100RL C106232 -> 0402WGF1000TCE C25076 (JLC Basic), identical 100R 1 % 100 ppm 62.5 mW 50 V; live JLC stock 3,055,883.","https://jlcpcb.com/partdetail/C25076","https://www.lcsc.com/datasheet/C25076.pdf"
"R101,R104,R106,R419,R420,R421,R423,R424,R433","33R","Resistor_SMD:R_0402_1005Metric","9","","UNI-ROYAL","0402WGF330JTCE","C25105","C25105","Damps the 40 MHz SPI4 SCLK at its source, U8 PE12 (pin 42). Place inline on the SCLK row about 1.5 mm from pin 42 and keep SCLK on F.Cu with no via.,Damps the TIM1_CH2 CS/convert edge at its source. Place on B.Cu under U8 next to the pin 41 via, on the CS hop to U13 pin 12, with a GND via at each CS via.,EXP_TMR0 (PA8 TIM1_CH1) 33R source termination; place within 10 mm of U8 PA8.,EXP_TMR1 (PC7 HRTIM_CHA2) 33R source termination; place within 10 mm of U8 PC7.,Isolates U3B's EREF_BUF output from the pin 6/7 sampling kick and forms the RF low-pass with C101. EREF_BUF runs U3 pin 7 -> R11 pad 1, and the R101 branch taps it at R11 pad 1 (C16 deleted, S-27); land pad 2 next to C101.,RFVD-EXP v1.1 EXP_GATE (PA5 TIM8_CH1N 1 kHz gate) 33R source termination; place within 10 mm of U8 PA5.,SPI2_MISO (PB14) 33R termination at the shield-driven end; place within 10 mm of J11 pin 9, after D401.,SPI2_MOSI (PB15) 33R source termination; place within 10 mm of U8 PB15.,SPI2_SCK (PB13) 33R source termination; place within 10 mm of U8 PB13.","Resistor","","0.004","Sourcing package 2026-10-04: RC0402FR-0733RL -> 0402WGF330JTCE (C25105). YAGEO RC0402FR-0733RL: JLC stock 47; JLC Basic, same 1 % / ±100 ppm","https://jlcpcb.com/partdetail/C25105","https://www.lcsc.com/datasheet/C25105.pdf"
"R108,R311,R312,R403,R441,R442","10k","Resistor_SMD:R_0402_1005Metric","6","","UNI-ROYAL,UNI-ROYAL(Uniroyal Elec)","0402WGF1002TCE","C25744","C25744","10k pull-up of the BQ25798 open-drain INT (CHG_INT_N, STM32 PA0/WKUP1) to +3V3_D.,10k pull-up of the open-drain STAT pin to REGN (SLUSDV2C Table 5-1: STAT to the pull-up rail via 10k; 7.3.4.1: STAT may be pulled up to REGN); TP301 shows charge status. Charge LED D3/R19 removed (S-7), so REGN sources no external load beyond the charger pull-ups (SLUSDV2C 7.3.4.1).,EXP_FAULT_N 10k pull-up to +3V3_D for the wired-OR U401 FAULT / U402 FLT open drains (PD6 EXTI6); place at U8 PD6.,EXP_INT0_N 10k pull-up to +3V3_EXP on the J11 side of R426 (P1-26 / EXP-06): defined idle level for an open-drain shield interrupt; on the switched shield rail, so an unpowered shield is never back-powered. Firmware: keep PD9 analog or EXTI9 masked until +3V3_EXP is on and settled, mask again before switching it off; never enable the PD9 internal pull-up while the rail is off. B.Cu in-line on the D404 NC pad 10 -> R426 flow-through, via-in-pad to +3V3_EXP.,EXP_INT1_N 10k pull-up to +3V3_EXP on the J11 side of RN401 element 1 (P1-26 / EXP-06): defined idle level for an open-drain shield interrupt; on the switched shield rail, so an unpowered shield is never back-powered. Firmware: keep PD10 analog or EXTI10 masked until +3V3_EXP is on and settled, mask again before switching it off; never enable the PD10 internal pull-up while the rail is off. B.Cu beside RN401 pin 8, via-in-pad to +3V3_EXP.,Holds EXTADC_CS_N high while U8 is in reset or ROM mode, deselecting U13 and the ROM bootloader's SPI4 slave (NSS = PE11). Place on B.Cu beside R106 and feed from +3V3_D at C60 through a via.","Resistor","","0.003","Konnect JLC DB (snapshot 2026-09-29): stock 23717672, Basic, USD 0.003; JLC Basic part chosen per the 2026-10-04 cost rule, equal spec to the C60490 10k line (1%, 1/16 W, 50 V, +/-100 ppm),Sourcing package 2026-10-04: RC0402FR-0710KL -> 0402WGF1002TCE (C25744). YAGEO RC0402FR-0710KL: JLC stock 32 (mirror 2026-10-04); JLC Basic, same 1 % / ±100 ppm / 62.5 mW; merges with R441/R442","https://jlcpcb.com/partdetail/C25744","https://www.lcsc.com/datasheet/C25744.pdf,https://www.lcsc.com/datasheet/lcsc_datasheet_2411221126_UNI-ROYAL-Uniroyal-Elec-0402WGF1002TCE_C25744.pdf"
"R209,R322,R323,R324","100k 1%","Resistor_SMD:R_0402_1005Metric","4","","UNI-ROYAL(Uniroyal Elec)","0402WGF1003TCE","C25741","C25741","100k gate-source pull-up holding backlight high-side switch Q201 off whenever Q202 is off.,Gate pull-down for reverse-polarity FET Q303 (I1).,I2: couples BQ29209 OUT (BAL_OVP) to U301 CE. On a cell over-voltage CE = OUT/2 = 3.0-4.75 V (above VIH 1.3 V, below the 6 V abs max) and charging stops. Place at U302 OUT.,I2: holds U301 CE low (charging enabled) while BQ29209 OUT is low; with R324 forms the over-voltage cut-off divider. Place within about 3 mm of U301 pin 13.","Resistor","","","BOM line merge 2026-09-29: C60491 -> C25741 (same value/package, equal or better spec),Existing BOM line C25741 (same as R209); no new feeder line","https://jlcpcb.com/partdetail/C25741","https://www.lcsc.com/datasheet/lcsc_datasheet_2206010100_UNI-ROYAL-Uniroyal-Elec-0402WGF1003TCE_C25741.pdf"
"R211","100R 1%","Resistor_SMD:R_0402_1005Metric","1","","UNI-ROYAL","0402WGF1000TCE","C25076","C25076","100R gate resistor between LCD_BL and backlight switch Q203, damping the PWM gate edge.","Resistor","","","BOM 2026-10-04 (PAS-10): RC0402FR-07100RL C106232 -> 0402WGF1000TCE C25076 (JLC Basic), identical 100R 1 % 100 ppm 62.5 mW 50 V; live JLC stock 3,055,883.","https://jlcpcb.com/partdetail/C25076","https://www.lcsc.com/datasheet/C25076.pdf"
"R300,R301","100R","Resistor_SMD:R_0603_1608Metric","2","","Yageo","RT0603BRD07100RL","C122970","C122970","Half of the far-end 50.0-ohm port termination (with R301). Keeps k independent of jumper state (spread 0.11 % or less, versus up to about 0.5 % without it) and makes the port a matched line (return loss 24-36 dB). 0603 for power: 50 mW each at +20 dBm, 100 mW rating. Own GND via.,Second half of the 50.0-ohm far-end termination (R300||R301). Separate GND via for low ESL and a symmetric return.","Resistor","","","JLC 401,992 at $0.033","",""
"R302","3.32k","Resistor_SMD:R_0402_1005Metric","1","","Yageo","RT0402BRD073K32L","C852762","C852762","Injection resistor from the CAL port into RFIN.- Sets a constant 6.0-7.5 % loading and -23.9..-24.3 dB coupling.- Its RFIN-side land sits on an In1 void, which saves 0.9 % of loading at 128 MHz.- Same Yageo RT thin-film series as the re-sourced R1/R2 (RT0402BRD071K5L), so R(f) tracks in TCR. Mixed vendors could have moved R(f) by about 0.05 % per 10 K.","Resistor","","","JLC 19,057 at $0.043","",""
"R303,R402,R407,R412,R414,R415,R436,R437,R438,R439,R440,R900","100k","Resistor_SMD:R_0402_1005Metric","12","","UNI-ROYAL(Uniroyal Elec)","0402WGF1003TCE","C25741","C25741","+3V3_EXP readback divider bottom; place with C408 at U8 PC3_C (inner layer, >=10 mm from the J1 cluster).,+3V3_EXP readback divider top (100k/100k -> 1.65 V at PC3_C); place at the rail near J11.,EXP_3V3_EN pull-down: the only default-OFF mechanism for +3V3_EXP (reset, ROM bootloader, crash; JP401 deleted, S-13); place at U401 pin 3. Hardware kill if ever needed: fit U401 as DNP.,EXP_DETECT_N 100k pull-up to +3V3_D (J11 side, joined at RN401 pin 5); an installed shield ties it to GND; 0402 near J11 pin 32.,EXP_RST_N 100k pull-down (J11 side): shield held in reset while PB5 is Hi-Z; 0402 near J11 pin 31.,EXP_SPI_CS0_N 100k pull-up to +3V3_EXP (J11 side) so the shield CS idles high only while its rail is on (no back-power); 0402 near J11 pin 13.,EXP_SPI_CS1_N 100k pull-up to +3V3_EXP (J11 side, no back-power); 0402 near J11 pin 15.,EXP_VHP readback divider top (100k/20k: 9 V -> 1.50 V at PC2_C); place at the rail end near U402/J11 so the long trace carries only the divided node.,EXP_VHP_EN pull-down (no VIN divider on EN/UVLO): the only default-OFF mechanism for EXP_VHP (reset, bootloader, crash; JP402 deleted, S-13); place at U402 pin 3.,FPWM default pull-up for U6 MODE/SYNC while PB1 is Hi-Z/reset; to +3V3_D so U6 VCC stays unloaded (SNVSBY5B Table 8-1, 9.2.2.7),RFVD-EXP v1.1 EXP_SYNC 100k pull-down (J11 side) so the shield buck-sync input idles low; 0402 near J11 pin 35, fed straight from D403 NC pad 9.,VBUS bleeder (S-6): 100k from VBUS to GND discharges the VBUS input capacitance after unplug (50 uA at 5 V). Plug detection is the BQ25798 INT on CHG_INT_N (PA0/WKUP1) plus VBUS_PRESENT_STAT (SLUSDV2C 7.3.11.2); STM32 PC13 is no longer used (U8.7 NC).","Resistor","","0.003","BOM line merge 2026-09-29: C60491 -> C25741 (same value/package, equal or better spec),LOCAL_INDEX_NOT_LIVE_QUOTE (JLC stock 8940940)","https://jlcpcb.com/partdetail/C25741","https://www.lcsc.com/datasheet/lcsc_datasheet_2206010100_UNI-ROYAL-Uniroyal-Elec-0402WGF1003TCE_C25741.pdf"
"R305","6.04k","Resistor_SMD:R_0402_1005Metric","1","","YAGEO","RC0402FR-076K04L","C97819","C97819","PROG resistor 6.04k 1%: 2S cell count and 1.5 MHz switching at POR (SLUSDV2C Table 7-1); defaults VREG 8.4 V, ICHG 1 A, VSYSMIN 7 V.","Resistor","","0.002","JLC stock 387733 (2026-09-29)","https://jlcpcb.com/partdetail/C97819",""
"R306","51k","Resistor_SMD:R_0402_1005Metric","1","","UNI-ROYAL","0402WGF5102TCE","C25794","C25794","ILIM_HIZ divider top from REGN: 51k/20k gives 1.41 V = 510 mA POR input-current clamp (VILIM = 1 V + 0.8 V/A x ILIM); firmware clears EN_EXTILIM to raise it after BC1.2.","Resistor","","0.002","Sourcing package 2026-10-04: RC0402FR-0751KL -> 0402WGF5102TCE (C25794). YAGEO RC0402FR-0751KL: JLC stock 279; JLC Basic, same 1 % / ±100 ppm; same family as R307 (ILIM divider ratio)","https://jlcpcb.com/partdetail/C25794","https://www.lcsc.com/datasheet/C25794.pdf"
"R307,R413","20k","Resistor_SMD:R_0402_1005Metric","2","","UNI-ROYAL","0402WGF2002TCE","C25765","C25765","EXP_VHP readback divider bottom (20k 1%; scale (100+20)/20 = 6.000, firmware X05); place with C407 at U8 PC2_C (inner layer along the board edge, >=10 mm from J1-R1-R2-C2).,ILIM_HIZ divider bottom (same ratio as TI EVM 255k/100k, 5x lower source impedance against the 1.5 uA pin leakage).","Resistor","","0.0012,0.003","BOM merge 2026-10-04 (PAS-04): FRC0402F3322TS C2930001 33.2k -> 0402WGF2002TCE C25765 20k (JLC Basic, R307 line; live JLC stock 976,706). EXP_VHP_SNS scale 4.012 -> 6.000 (firmware).,Sourcing package 2026-10-04: RC0402FR-0720KL -> 0402WGF2002TCE (C25765). JLC Basic, same 1 % / ±100 ppm; same family as R306 (ILIM divider ratio)","https://jlcpcb.com/partdetail/C25765","https://www.lcsc.com/datasheet/C25765.pdf"
"R308,R320,R321","5.23k","Resistor_SMD:R_0402_1005Metric","3","","UNI-ROYAL(Uniroyal Elec)","0402WGF5231TCE","C25907","C25907","TS bias RT1 (REGN to TS) 5.23k 1%; with RT2 30.1k and a 10k 103AT NTC gives the JEITA T1 = 0 C / T5 = 60 C window (SLUSDV2C 7.3.9.5.1).,USB-C sink Rd pull-down on CC1 (5.23k 1 %, inside the Type-C Rd tolerance) so a Type-C source enables VBUS.,USB-C sink Rd pull-down on CC2 (5.23k 1 %, inside the Type-C Rd tolerance) so a Type-C source enables VBUS in both plug orientations. MUST BE FITTED.","Resistor","","0.0035,0.004","JLC stock 16237 (2026-09-29),JLC stock 5,075 / 2,515 orderable (2026-09-30); R308 line; +2.5 % is inside the Type-C Rd tolerance (S11),JLC stock 5,075 / 2,515 orderable (2026-09-30); R308 line; MUST BE FITTED (X01) (S11)","https://jlcpcb.com/partdetail/C25907",""
"R309","30.1k","Resistor_SMD:R_0402_1005Metric","1","","YAGEO","RC0402FR-0730K1L","C138009","C138009","TS bias RT2 (TS to GND) 30.1k 1% (datasheet value 30.31k).","Resistor","","0.001","JLC stock 4595 (2026-09-29)","https://jlcpcb.com/partdetail/C138009",""
"R315","160R","Resistor_SMD:R_0402_1005Metric","1","","YAGEO","RC0402FR-07160RL","C327369","C327369","BQ29209 RCB2 160R, top-cell Kelvin sense and balance resistor from PACK_RAW (J2.1, before F1/Q303) to VC2 (SLUSA52C Fig. 9; ICB2 about 10 mA). Its PACK_RAW sense track runs alone to the J2.1 pad (P1-5); the 160R limits a fault in this unfused branch to tens of mA.","Resistor","","0.002","JLC stock 180664 (2026-09-29)","https://jlcpcb.com/partdetail/C327369",""
"R316","261R","Resistor_SMD:R_0402_1005Metric","1","","YAGEO","RC0402FR-07261RL","C273335","C273335","BQ29209 RCB1 261R, mid-tap to VC1 (SLUSA52C Fig. 9 uses 260R). R33 exception: BATT_MID is an unfused cell tap, so no shunt capacitor; 261R/100R at J2 act as the series filter.","Resistor","","0.003","JLC stock 11988 (2026-09-29)","https://jlcpcb.com/partdetail/C273335",""
"R319,R408","470k","Resistor_SMD:R_0402_1005Metric","2","","YAGEO","RC0402FR-07470KL","C137976","C137976","470k pull-up that holds CB_EN high (balancing off) while no USB power is present (BQ29209: OFF above 2.2 V, ICB_EN 0.2 uA max; 17.9 uA only while VBUS is present).,OVLO divider top: VOV = 1.2 V x (470k + 64.9k)/64.9k = 9.89 V nominal, 9.43-10.28 V worst case (SLVSET8A Eq.2), above the 8.77 V PWM VSYS maximum; draws about 16 uA from VSYS; place at U402 pin 8.","Resistor","","0.001,0.0013","JLC stock 932,574 (2026-09-30); R408 line (S08),LOCAL_INDEX_NOT_LIVE_QUOTE (JLC stock 942990)","https://jlcpcb.com/partdetail/C137976",""
"R401","45.3k","Resistor_SMD:R_0402_1005Metric","1","","FOJAN","FRC0402F4532TS","C2933099","C2933099","TPS2553 current-limit set: 45.3k 1% -> IOS 524 min / 577 nom / 638 max mA (SLVS841F Eq.1); place at U401 pin 5 with the shortest GND return to pin 2.","Resistor","","0.004","Sourcing package 2026-10-04: 0402WGF4532TCE -> FRC0402F4532TS (C2933099). UNI-ROYAL 0402WGF4532TCE: not in JLC stock (mirror) and 0 at Mouser; FOJAN same 45.3k 1 % / ±100 ppm, JLC stock 758,664","https://jlcpcb.com/partdetail/C2933099","https://www.lcsc.com/datasheet/C2933099.pdf"
"R409","64.9k","Resistor_SMD:R_0402_1005Metric","1","","FOJAN","FRC0402F6492TS","C5713275","C5713275","OVLO divider bottom (1 %, P0-6): VOV = VOVLO(R) x (R408 + R409)/R409 = 1.20 V x 534.9k/64.9k = 9.89 V nominal; 9.43-10.28 V worst case with VOVLO(R) 1.17-1.22 V, 1 % resistors and +/-0.1 uA pin leakage (SLVSET8A 7.5, Eq.2); release (VOVLO(F) 1.08-1.13 V) >= 8.70 V. The minimum trip clears the 8.77 V PWM VSYS maximum (BQ25798 VSYSMAX_REG_ACC) and the about 9.05 V typ PFM level, given firmware PFM_FWD_DIS = 1 (BQ25798 REG0x12). Place at U402 pin 8.","Resistor","","0.001","Sourcing package 2026-10-04: 0402WGF6492TCE -> FRC0402F6492TS (C5713275). UNI-ROYAL 0402WGF6492TCE: not in JLC stock (mirror); FOJAN same 64.9k 1 % / ±100 ppm, JLC stock 372,187 (OVLO math unchanged)","https://jlcpcb.com/partdetail/C5713275","https://www.lcsc.com/datasheet/C5713275.pdf"
"R411","1.5k","Resistor_SMD:R_0603_1608Metric","1","","UNI-ROYAL","0603WAF1501T5E","C22843","C22843","EXP_VHP bleeder (47 mW at 8.4 V, only while the rail is on; 0603 = 100 mW for derating): 8.4 V to <0.3 V in ~290 ms with 10 uF + the 47 uF shield maximum, inside the 500 ms rails-off check before RECORD. Place at the U402 output.","Resistor","","0.002","JLC stock 5,094,175 (2026-09-29)","https://jlcpcb.com/partdetail/C22843",""
"R422,R435","1k","Resistor_SMD:R_0402_1005Metric","2","","UNI-ROYAL","0402WGF1001TCE","C11702","C11702","EXP_TMR_IN (PA15 TIM2_CH1 / HRTIM_FLT1; JTDI pull-up at reset) 1k injection limit; place near J11 pin 8 after D404 (fed on B.Cu from D404 NC pad 7).,RFVD-EXP v1.1 EXP_ANA_MON (0-1.75 V shield analog monitor) 1k series of the 1k/1 nF ADC RC (fc 159 kHz); B.Cu beside C412 at U8 PC0 (pin 15, S-5), outside AFE_PARTITION.","Resistor","","0.002","Sourcing package 2026-10-04: RC0402FR-071KL -> 0402WGF1001TCE (C11702). YAGEO RC0402FR-071KL: not in JLC stock (mirror 2026-10-04); JLC Basic, same 1 % / ±100 ppm","https://jlcpcb.com/partdetail/C11702","https://www.lcsc.com/datasheet/C11702.pdf"
"R425,R426,R427,R431","330R","Resistor_SMD:R_0402_1005Metric","4","","UNI-ROYAL(Uniroyal Elec)","0402WGF3300TCE","C25104","C25104","EXP_INT0_N (PD9 EXTI9) 330R injection limit; place near J11 pin 14 after D404 (fed on B.Cu from D404 NC pad 10 through R441.2); R441 10k pull-up to +3V3_EXP on its J11 side.,EXP_RST_N (PB5 push-pull) 330R series; place near J11 pin 31 after D402 (fed straight on B.Cu from D402 NC pad 6).,EXP_SPI_CS0_N (PB12) 330R series (edge rate and injection limit); place near J11 pin 13 after D401 (fed on B.Cu from D401 NC pad 6).,EXP_SPI_CS1_N (PD8) 330R series; place near J11 pin 15 after D402 (fed straight on B.Cu from D402 NC pad 10).","Resistor","","0.004","LOCAL_INDEX_NOT_LIVE_QUOTE (JLC stock 1306292)","https://jlcpcb.com/partdetail/C25104","https://www.lcsc.com/datasheet/lcsc_datasheet_2205311900_UNI-ROYAL-Uniroyal-Elec-0402WGF3300TCE_C25104.pdf"
"R904,R905,R906","330R 1%","Resistor_SMD:R_0402_1005Metric","3","","UNI-ROYAL(Uniroyal Elec)","0402WGF3300TCE","C25104","C25104","RF/injection limiter at U8 pin 24 (DS12110 Table 59; R37/R81). Series 330R PA2 (LCD_RST_MCU) -> LCD_RST; place at U8 pin 24.,RF/injection limiter at U8 pin 25 (DS12110 Table 59; R37/R81). Series 330R PA3 (TP_RST_MCU) -> TP_RST; place at U8 pin 25.,RF/injection limiter at U8 pin 31 (DS12110 Table 59; R37/R81). Series 330R TP_INT -> PA7 (TP_INT_MCU); place at U8 pin 31.","Resistor","","0.004","JLC stock 1306292 (2026-09-29), Basic","https://jlcpcb.com/partdetail/C25104","https://www.lcsc.com/datasheet/lcsc_datasheet_2205311900_UNI-ROYAL-Uniroyal-Elec-0402WGF3300TCE_C25104.pdf"
"RN60,RN201,RN202,RN203","47R x4","Resistor_SMD:R_Array_Convex_4x0402","4","","UNI-ROYAL(Uniroyal Elec)","4D02WGJ0470TCE","C55183","C55183","47R series termination for FMC data LCD_D0/LCD_D1 (U8 PD14/PD15, west row pins 61/62, to J4.22/23). Elements 3 and 4 (pins 3-6) are unused since P1-20 moved D2/D3 to RN203 next to their south-row pins.,47R series termination for FMC data LCD_D4-D7 (U8 PE7-PE10 to J4.26-29); place within 3 mm of U8.,47R series termination for the U8 south-row FMC pins (P1-20): R1 pins 1/8 WR_N (U8.86 PD5 to J4.12), R2 pins 2/7 D3 (U8.82 PD1 to J4.25), R3 pins 3/6 CS_N (U8.88 PD7 to J4.10), R4 pins 4/5 D2 (U8.81 PD0 to J4.24). UNI-ROYAL 4D02 equivalent circuit: element k joins pins k and 9-k. D/C has its own R213.,47R source-series damping for PSRAM IO0/IO3/IO1 (elements 1/2/3, U8 pins 58/60/59; S-17, replaces R60-R63, R65-R67). Element 4 (pins 4/5) unused. No RAM-side resistor: the APS6404L drives at 50R. IO2 keeps R64 33R at U8 pin 1. Place on B between U8's west pins and U9.","4 resistor network, parallel topology","","0.007","JLC DB snapshot 2026-09-29: 24,785 in stock (Konnect get_jlcpcb_part 2026-10-04); same line as RN201-RN203,JLC stock 14,555 at $0.0071 (2026-09-30); RN203 line (S10),JLC stock checked 2026-09-29","https://jlcpcb.com/partdetail/C55183","https://www.lcsc.com/datasheet/lcsc_datasheet_2304140030_UNI-ROYAL-Uniroyal-Elec-4D02WGJ0470TCE_C55183.pdf"
"RN401","330R x4","Resistor_SMD:R_Array_Convex_4x0402","1","","UNI-ROYAL(Uniroyal Elec)","4D02WGJ0331TCE","C43557","C43557","330R x4 series (edge rate / injection limit) for the J11 even-row group behind D405; element k sits between pins k and 9-k (UNI-ROYAL JLC-01-015 sec. 3.1): R1 EXP_INT1_N (PD10 EXTI10, J11.16), R2 EXP_IO0 (PE1, J11.26), R3 EXP_IO1 (PE0, J11.28), R4 EXP_DETECT_N (PB4, J11.32). J11-side pins 8/7/6/5 face the D405 NC pads 6/7/9/10 (flow-through); B.Cu north of D405. Replaces R428/R429/R430/R432 (S-22).","4 resistor network, parallel topology","","0.007","Konnect JLC DB (snapshot 2026-09-29): stock 29273, Extended, USD 0.007","https://jlcpcb.com/partdetail/C43557","https://www.lcsc.com/datasheet/lcsc_datasheet_2304140030_UNI-ROYAL-Uniroyal-Elec-4D02WGJ0331TCE_C43557.pdf"
"SW1","RECORD / STOP","Button_Switch_SMD:SW_SPST_B3U-1000P","1","","Omron","B3U-1000P","C231329","C231329","Provides the physical RECORD/STOP command by grounding RECORD_N. Place for reliable enclosure access and keep its return out of sensitive analog paths.","","","0.186","LOCAL_INDEX_NOT_LIVE_QUOTE","https://jlcpcb.com/partdetail/C231329","https://components.omron.com/us-en/products/switches/B3U"
"SW2","MARK","Button_Switch_SMD:SW_SPST_B3U-1000P","1","","Omron","B3U-1000P","C231329","C231329","Adds a manual experiment marker by grounding MARK_N. Place beside the operator controls and keep its signal/return route away from analog inputs.","","","0.186","LOCAL_INDEX_NOT_LIVE_QUOTE","https://jlcpcb.com/partdetail/C231329","https://components.omron.com/us-en/products/switches/B3U"
"SW5","B3U-1000P","Button_Switch_SMD:SW_SPST_B3U-1000P","1","","Omron Electronics","B3U-1000P","C231329","C231329","POWER button on BQ25798 QON: press > 1 s exits ship mode (power on); hold 10 s forces a system power reset.","Push button switch, generic, two pins","","0.186","JLC stock 151493 (2026-09-29)","https://jlcpcb.com/partdetail/C231329","https://omronfs.omron.com/en_US/ecb/products/pdf/en-b3u.pdf"
"U1","TLV809EA46DBZR","Package_TO_SOT_SMD:SOT-23-3","1","","Texas Instruments","TLV809EA46DBZR","C1852111","C1852111","Holds U2 ENBL low while +5V_RF (VDD pin 3, fed from +5V_A through FL1) is below the TLV809EA46 threshold or its startup delay is active. Kept (S-1 rejected by the lead): ADL5511 Rev E Table 3 p.8 allows ENBL tied to VPOS only if the supply ramp is < 20 ms, and the LT3045 +5V_A rail ramps in about 55 ms (CSET 470 nF, fast start-up unused). Sense the local rail with C1 beside the supply and ground pins.","","","0.407","LOCAL_INDEX_NOT_LIVE_QUOTE","https://jlcpcb.com/partdetail/C1852111","https://www.ti.com/lit/ds/symlink/tlv809e.pdf"
"U2","ADL5511ACPZ-R7","Package_CSP:LFCSP-16-1EP_3x3mm_P0.5mm_EP1.6x1.6mm","1","","Analog Devices","ADL5511ACPZ-R7","C579159","C579159","Converts the RF input into VENV_RAW, EREF_RAW and a diagnostic RMS output. Keep the RF input and filter capacitors compact, connect COMM/exposed pad to ground, and separate them from switching and clock traces.","","","31.979","LOCAL_INDEX_NOT_LIVE_QUOTE","https://jlcpcb.com/partdetail/C579159","https://www.analog.com/media/en/technical-documentation/data-sheets/adl5511.pdf"
"U3,U4","OPA2320","Package_SO:VSSOP-8_3x3mm_P0.65mm","2","","Texas Instruments","OPA2320AIDGKR","C545235","C545235","Buffers the single-pole filtered EREF (R3/C17, 704 Hz, S-27). U3B (pins 5/6/7) drives EREF_BUF to R101 and R11. U3A is an unloaded follower with +IN on the same node, so its output stays inside the specified linear range (TI SBOS513F 7.5: AOL for 0.1 V < VO < V+ - 0.1 V). Bypass pins 8/4 locally.,Implements the two active low-pass sections for VENV_RAW before ADC_VENV. Keep each section's RC network beside its amplifier, bypass pins 8/4 locally, and route the output through R12 to C22.","","","16.82","JLC stock 1981, $16.82 (2026-09-29); consign from Mouser or TI sample preferred for cost (NE-06)","https://jlcpcb.com/partdetail/C545235","https://www.ti.com/lit/ds/symlink/opa2320.pdf"
"U5","REF5030IDR","Package_SO:SOIC-8_3.9x4.9mm_P1.27mm","1","","Texas Instruments","REF5030IDR","C2878155","C2878155","Generates the nominal 3.0 V reference for the MCU ADCs from +5V_A. Keep C23-C26 and R13 local, and route the reference over continuous ground away from clock and switching traces.","","","7.612","Original REF5030IDR kept (lead decision 2026-10-04); JLC Global Sourcing from Mouser/DigiKey (Mouser 1,571 in stock 2026-10-04).","https://jlcpcb.com/partdetail/C2878155","https://www.ti.com/lit/ds/symlink/ref50.pdf"
"U6","LMR43620MB5RPER","RFVD_MVP_Footprints:TI_RPE0009B_VQFN-HR-9_2x2mm_Stencil","1","","Texas Instruments","LMR43620MB5RPER","C22438086","C22438086","Generates about 3.32 V for the digital rail. fsw synchronized to BUCK_SYNC (U8 PB1 TIM1_CH3N, fsw = ADC fs = 833.33 kHz, so every buck harmonic aliases to DC); forced PWM via R900 when unsynchronized. Keep the VIN/GND hot loop (C32 0402) tight and the SW node small, >= 10 mm from FB1/Y1/U5.","","","2.484","Original LMR43620MB5RPER kept (lead decision 2026-10-04); JLC Global Sourcing from Mouser/DigiKey (Mouser 4,495 in stock 2026-10-04).","https://jlcpcb.com/partdetail/C22438086","https://www.ti.com/lit/ds/symlink/lmr43620.pdf"
"U7","LT3045EMSE#PBF (+5V_A)","Package_SO:MSOP-12-1EP_3x4.039mm_P0.65mm_EP1.651x2.845mm","1","","Analog Devices","LT3045EMSE#PBF","C580012","C580012","Generates the low-noise +5V_A rail from VSYS. IN pins 1-3 and PGFB (pin 7) are fed from VSYS_LDO through R902 1R (input isolation and LC damping, LT3045 Rev D p.18-19); IN capacitance is C31 10 uF X7R + C29 100 nF (p.18: stable with >= 4.7 uF at IN); C27 removed (S-8); EN/UV stays on VSYS; PG and fast start-up unused. Keep the SET/ILIM network and output caps at the pins.","","","9.165","JLC stock 2117 (2026-09-29)","https://jlcpcb.com/partdetail/C580012","https://www.analog.com/media/en/technical-documentation/data-sheets/lt3045.pdf"
"U8","STM32H743VIT6","Package_QFP:LQFP-100_14x14mm_P0.5mm","1","","STMicroelectronics","STM32H743VIT6","C114409","C114409","Samples envelope and reference voltages, captures trigger times, and manages SD recording and the screen. Keep ADC/reference pins beside their filters and fast digital routes over continuous ground. PB1 = TIM1_CH3N (AF1) BUCK_SYNC. HSE = 12 MHz bypass (Y1). VCAP1 (pin 48) tied to VCAP2 (pin 73) per AN4938. PE3 (pin 2) / PE4 (pin 3) read RECORD_N_MCU / MARK_N_MCU behind the 1k R46 / R47 (SC-11), with the internal GPIO pull-ups (PUPDR = 01, RPU 30-50k; R44/R49 removed, FEAT-5). NRST (pin 14): internal permanent pull-up + C46 only (R18 and reset button SW3 removed, FEAT-4/5); reset via SWD SYSRESETREQ, J6.3 or IWDG. PA1 (pin 23, ex-LCD_TE, FEAT-6), PB3 (pin 89, ex-SWO, S-18) and PD3 (pin 84, ex-LID_INT, S-24) are not connected: firmware sets them analog; trace output uses RTT over SWD or USB CDC. Display wake is by RECORD/MARK press or VBUS attach (OPT3004 U702 removed, DIS-1; I2C1 address 0x45 reserved). PC2_C (pin 17) reads EXP_VHP_SNS: EXP_VHP = V(pin) x 6.000 (R412 100k / R413 20k, PAS-04). BOOT0 (pin 94): R20 pull-down only (S-16, SW4/R801 removed); DFU entry is the firmware boot stub, bench recovery straps R20 pad 1 to +3V3_D.","","","11.923","LOCAL_INDEX_NOT_LIVE_QUOTE","https://jlcpcb.com/partdetail/C114409","https://www.st.com/resource/en/datasheet/stm32h743vi.pdf"
"U9","APS6404L-3SQR-SN","Package_SO:SOIC-8_3.9x4.9mm_P1.27mm","1","","AP Memory","APS6404L-3SQR-SN","C5333729","C5333729","Provides an 8 MiB PSRAM spool between acquisition and SD writes. Place near U8's QUADSPI pins, with short clock/data routes and local C64/C65 bypassing.","","","2.07","CONSIGNED (S06): 3 pcs from Mouser 878-APS6404L-3SQR-SN ($2.07, search snippet 2026-09-30); JLC stock C5333729 4,717 at $3.96 is the fallback","https://jlcpcb.com/partdetail/C5333729","https://www.mouser.com/datasheet/3/4815/1/APS6404L_3SQR.pdf"
"U10,U401","TPS2553DDBVR","Package_TO_SOT_SMD:SOT-23-6","2","","Texas Instruments","TPS2553DDBVR","C521201","C521201","Switched +3V3_EXP shield rail from +3V3_D (TPS2553D, RILIM 45.3k -> IOS 524/577/638 mA per SLVSDL7, same equations as SLVS841F Eq.1), EN from MCU EXP_3V3_EN, FAULT open-drain onto EXP_FAULT_N; place on F.Cu beside the shield bay edge next to J11 pins 3/4/37/38, not inside the B.Cu bay keep-out.,Switches and current-limits the display supply while reporting faults to U8. Place near J4 with local input/output capacitors and a compact ILIM connection.","","","0.19","JLC stock 11,558 at $0.19 (2026-09-30); same DBV pinout and IOS equations as TPS2553 (SLVSDL7) (S13),JLC stock 11,558 at $0.19 (2026-09-30); same DBV pinout and IOS equations as TPS2553 (SLVSDL7) (S13). CPL: JLC land is rotated 90 deg vs C55266 - handled in cpl_corrections.json","https://jlcpcb.com/partdetail/C521201","https://www.ti.com/lit/ds/symlink/tps2553d.pdf"
"U11","TMP117AIDRVR","RFVD_MVP_Footprints:TMP117_DRV_WSON6_NoPasteEP","1","","Texas Instruments","TMP117AIDRVR","C699536","C699536","Measures local board temperature for drift checks and experiment records. Place away from regulator, MCU and display heat; preserve the unsoldered exposed pad used for measurement accuracy.","","","1.02","JLC stock 40,260 at $1.02 (2026-09-30); TMP117 accuracy equal or better than TMP117M in every range, same WSON DRV-6 (S14). CPL: JLC land differs from C2803242 - handled","https://jlcpcb.com/partdetail/C699536","https://www.ti.com/lit/ds/symlink/tmp117.pdf"
"U13","AD7380BCPZ-RL7","RFVD_MVP_Footprints:TQFN-16-1EP_3x3mm_P0.5mm_EP1.23x1.23mm","1","","Analog Devices","AD7380BCPZ-RL7","C578426","C578426","Converts EREF-VENV (ADC B, pins 6/5) and GND-EREF (ADC A, pins 8/7) simultaneously and streams both with CRC-8 to U8 SPI4. Internal 2.5 V reference (REFSEL = 0, S-26): wait >= 11 ms after power-up (Table 4), no PMODE shutdown or hard reset during a run. SDI carries a constant NOP stream (R105 deleted, S-4). An AD7386 fitted here uses CH=1 (pin 7 EREF, pin 5 VENV). Place on F.Cu between U3/U4 and U8 with the inputs facing the op-amps and the SPI pins facing U8. Tie pin 8, pin 10 and pin 1 to the exposed pad and put a GND via at the pad centre.","","","","JLC stock checked 2026-09-29","","https://www.analog.com/media/en/technical-documentation/data-sheets/AD7380-7381.pdf"
"U301","BQ25798RQMR","Package_DFN_QFN:Texas_RQM0029A_VQFN-29_4x4mm_P0.4mm","1","","Texas Instruments","BQ25798RQMR","C2876593","C2876593","NVDC buck-boost 2S charger with power path and ship mode: USB VBUS in, SYS to VSYS, BAT via ship FET Q301 to VBAT_PACK; I2C1 address 0x6B; PROG 6.04k = 2S, 1.5 MHz.","I2C controlled, 5A Buck-Boost battery charger (1-4 cell, Li-Ion / Li-Polymer), USB BC1.2 / HVDCP detection, 3.6..24V VBUS, 3..18.8V charge voltage regulation, 0.75..1.5 MHz, VQFN-29 (Texas RQM0029A)","","2.926","JLC stock 6163 (2026-09-29)","https://jlcpcb.com/partdetail/C2876593","https://www.ti.com/lit/ds/symlink/bq25798.pdf"
"U302","BQ29209DRBR","RFVD_MVP_Footprints:VSON-8-1EP_3x3mm_P0.65mm_EP1.65x2.4mm","1","","Texas Instruments","BQ29209DRBR","C139352","C139352","2S secondary overvoltage protection (4.30 V/cell) with automatic cell balancing. VC2 is Kelvin-sensed at J2.1 (PACK_RAW, before F1/Q303) through R315 per SLUSA52C Fig. 9, VC1 at BATT_MID through R316, VDD from VBAT_PACK through R318. OUT (BAL_OVP) drives U301 CE through R324 and TP302.","","","1.038","JLC stock 604 (2026-09-29)","https://jlcpcb.com/partdetail/C139352","https://www.ti.com/lit/ds/symlink/bq29209.pdf#page=4 (SLUSA52C p.4, Sec.6 Pin Configuration and Functions, DRB 8-pin VSON top view)"
"U303","TPS70933DBVR","Package_TO_SOT_SMD:SOT-23-5","1","","Texas Instruments","TPS70933DBVR","C89347","C89347","Always-on 1 uA-Iq 3.3 V LDO from VBAT_PACK (ahead of the ship FET) feeding the STM32 VBAT/RTC domain (VBAT_RTC); EN left open = enabled (EN max 6.5 V).","","","0.358","JLC stock 29568 (2026-09-29)","https://jlcpcb.com/partdetail/C89347","https://www.ti.com/lit/ds/symlink/tps709.pdf#page=3 (SBVS186H p.3, Fig.5-1 TPS709 DBV SOT-23-5 + Table 5-1 Pin Functions)"
"U402","TPS259631DDAR","RFVD_MVP_Footprints:TI_SO-PowerPAD-8_ThermalVias","1","","Texas Instruments","TPS259631DDAR","C2155778","C2155778","EXP_VHP eFuse from VSYS (TPS259631, adjustable OVLO, auto-retry). RILM R410 1.50k -> ILIM 0.613 A (SLVSET8A Eq.5); OVLO R408/R409 470k/64.9k -> 9.89 V nominal, cut-off 9.43-10.28 V worst case (Eq.2, VOVLO 1.17-1.22 V, +/-0.1 uA leakage), release >= 8.70 V; CdVdt C405 47 nF -> 0.89 V/ms (Eq.4), 9.4 ms to 8.4 V, about 51 mA into 57 uF. EXP_VHP follows VSYS (about 9.1 V max in normal use: 8.77 V PWM max, about 9.05 V typ in PFM), so shield inputs must be rated >= 12 V; firmware sets BQ25798 PFM_FWD_DIS = 1 (REG0x12) at init. EN/UVLO driven only by EXP_VHP_EN. Place on F.Cu near the bay edge by J11 pins 19-22, PowerPAD with thermal vias to GND.","2V7 - 19V, 0.125A - 2A eFuse Protection Switch, SO-8","","0.732","LOCAL_INDEX_NOT_LIVE_QUOTE (JLC stock 4423)","https://jlcpcb.com/partdetail/C2155778","https://www.ti.com/lit/ds/symlink/tps2596.pdf"
"U403","TCA9517ADGKR","Package_SO:VSSOP-8_3x3mm_P0.65mm","1","","Texas Instruments","TCA9517ADGKR","C201698","C201698","I2C buffer: A side = host I2C1 (VCCA +3V3_D, no static offset), B side = EXP_I2C (VCCB +3V3_EXP). EN tied directly to VCCB (+3V3_EXP; EN VIH 0.7 x VCCB to 5.5 V, TI SCPS245E 5.3), so the buffer is enabled only with the shield rail; the power-up circuit keeps the outputs off until VCCB > 2.5 V and VCCA > 0.8 V (SCPS245E sec. 9). Firmware: change EXP_3V3_EN only with I2C1 idle (SCPS245E 5.6 note 1), wait >= 5 ms after enabling, then 9-clock bus recovery if SDA/SCL is held low. B.Cu beside J11 west end; EN and VCCB via-in-pad joined on In3 (S-20).","Level-Translating I2C Bus Buffer/Repeater, VSSOP-8","","0.484","LOCAL_INDEX_NOT_LIVE_QUOTE (JLC stock 19620)","https://jlcpcb.com/partdetail/C201698","https://www.ti.com/lit/ds/symlink/tca9517a.pdf"
"U701","SHT40-AD1B-R2","RFVD_MVP_Footprints:Sensirion_DFN-4_1.5x1.5mm_P0.8mm_SHT4x_NoCentralPad","1","","Sensirion","SHT40-AD1B-R2","C2909890","C2909890","In-box humidity/temperature sensor (I2C1 0x44) for the IPX8 soak acceptance and leak detection: firmware logs dew point, not RH. Place in the service strip with an uncoated, unobstructed window; keep coating off the opening.","Digital Humidity and Temperature Sensor, ±1%RH, ±0.1°C, I2C, 1.08-3.6V, 16bit, DFN-4","","","JLC stock 21831","","https://sensirion.com/media/documents/33FD6951/662A593A/HT_DS_Datasheet_SHT4x.pdf"
"U901","EMIF06-MSD02N16","RFVD_MVP_Footprints:ST_EMIF06-MSD02N16_uQFN-16_3.5x1.2mm_P0.4mm","1","","STMicroelectronics","EMIF06-MSD02N16","C5267594","C5267594","microSD EMI filter + ESD at J3 (S-19a, replaces R27-R38, D4-D10, C911): 45R series + pi filter (Cline <= 20 pF) on CLK/CMD/DAT0-3, 90k pull-ups on CMD/DAT0-2 and WP/CD, DAT3 pull-up via RDATA_VCC tied to VCC (ST Fig. 2/9), 470k DAT3 pull-down unused (RDAT3_GND NC), 8 kV contact ESD on the Ex pins. Place on B under J3's contacts, Ex row facing J3. Firmware: SDMMC1 GPIO speed medium (no MCU-side source resistor).","","","1.676","JLC DB snapshot 2026-09-29: 1,719 in stock, Extended (Konnect get_jlcpcb_part 2026-10-04); not a live quote","https://jlcpcb.com/partdetail/C5267594","https://www.st.com/resource/en/datasheet/emif06-msd02n16.pdf"
"Y1","12MHz 3.3V CMOS","RFVD_MVP_Footprints:Oscillator_SMD_Abracon_ASE-4Pin_3.2x2.5mm","1","","Abracon","ASE-12.000MHZ-LC-T","C596950","C596950","Supplies the 12 MHz HSE bypass clock (harmonics >= 3.2 MHz from 63.86/64/123.2/127.74/128 MHz)","","","1.332","JLC stock 1913 (2026-09-29), Extended","https://jlcpcb.com/partdetail/C596950","https://abracon.com/Oscillators/ASEseries.pdf"
"Y2","32.768kHz 7pF","RFVD_MVP_Footprints:Crystal_SMD_Abracon_ABS05-2Pin_1.6x1.0mm","1","","Seiko Instruments (SII)","Q-SC16S0322070AAAN","C5221452","C5221452","32.768 kHz LSE, Seiko SC-16S: CL 7 pF, R1 90 kOhm max, C0 1.2 pF: AN2867 gm_crit 1.03 uA/V, LSEDRV=10 (readiness section 5); B side under U8 pins 8/9 with GND guard; no copper pattern on B.Cu between the pads (SII); C601/C602 10 pF = 2 x (7 - ~2.5 pF stray).","Two pin crystal","","0.31","JLC stock 34,985 at $0.31 (2026-09-30); ABS05 C5552942 had 64 at $2.49. SII land 0.5x1.0 mm pads, 0.6 mm gap = this footprint; JLC library land identical (S04)","https://jlcpcb.com/partdetail/C5221452","https://www.lcsc.com/product-detail/C5221452.html"
