Ref,Side_project,X_project,Y_project,Rot_project,Side_handoff,X_handoff,Y_handoff,Rot_handoff,Moved_mm,Sensitivity
C200,F,133.3686,121.8864,0.0,F,133.9786,121.8864,0.0,0.61,medium
C201,B,134.7736,123.4734,0.0,B,135.2536,123.8534,90.0,0.612,medium
C203,B,136.2536,122.9934,90.0,B,136.195,123.996,270.0,1.004,medium
C204,B,137.8806,124.8694,270.0,B,137.7536,124.9034,270.0,0.131,medium
C205,B,154.2236,112.9934,0.0,B,154.2236,112.9934,180.0,0.0,medium
C206,F,148.2286,121.8434,180.0,F,148.0286,121.8434,180.0,0.2,medium
C302,B,142.3966,100.7074,270.0,B,147.297,101.886,0.0,5.04,low
C305,F,145.4836,114.9434,0.0,B,143.804,114.323,270.0,1.791,high
C308,F,143.0036,105.4434,90.0,F,143.004,105.443,90.0,0.001,medium
C309,F,143.4836,114.9434,0.0,F,143.5586,114.9434,0.0,0.075,critical
C310,B,144.8836,113.8434,0.0,B,141.2,113.3,180.0,3.723,high
C311,B,145.6836,110.0814,0.0,B,140.9,110.76,180.0,4.831,high
C314,F,148.4036,111.9934,270.0,F,145.5,104.0,90.0,8.504,medium
C318,F,143.6836,108.9434,0.0,F,143.6836,108.3434,0.0,0.6,critical
C319,F,145.6086,107.4684,90.0,F,145.6086,107.7724,90.0,0.304,high
C321,B,143.2036,110.0814,90.0,B,143.0,108.5,0.0,1.594,low
C322,F,158.2036,124.6434,0.0,F,158.6336,124.6434,0.0,0.43,high
C323,F,156.0036,126.6434,90.0,F,156.0036,127.1984,270.0,0.555,high
C325,F,159.0036,129.6434,0.0,F,158.9286,129.6434,0.0,0.075,medium
C401,B,119.7816,135.5974,180.0,B,119.7816,135.1934,180.0,0.404,high
C404,B,136.3296,121.1134,90.0,B,136.3296,121.1134,270.0,0.0,high
C405,B,141.5566,123.1434,270.0,B,142.023,121.949,180.0,1.282,medium
C410,B,124.4196,129.1234,180.0,B,124.4196,129.1234,0.0,0.0,medium
C411,B,123.3266,124.4854,90.0,B,123.7661,124.4854,90.0,0.439,low
C46,B,142.2806,94.4124,90.0,B,142.2926,94.4124,90.0,0.012,high
C47,B,129.0776,88.6414,0.0,B,129.0776,87.4414,0.0,1.2,medium
C54,F,141.4976,104.5714,270.0,F,141.4976,104.4714,270.0,0.1,high
C56,F,143.8402,93.4264,270.0,F,143.837,93.51,270.0,0.084,high
C58,F,126.3426,103.2164,180.0,F,126.4426,103.2164,180.0,0.1,high
C62,B,136.3386,112.3884,0.0,B,136.3886,112.3884,0.0,0.05,medium
C69,B,120.2466,100.9934,0.0,B,120.3696,100.9934,0.0,0.123,medium
C701,B,149.0566,138.0254,0.0,B,149.2796,138.0254,0.0,0.223,medium
C702,B,146.5636,140.9434,0.0,B,146.5636,140.9634,0.0,0.02,medium
D201,B,146.6536,117.5934,0.0,B,146.6536,117.5934,180.0,0.0,low
D202,B,150.5036,118.3434,90.0,B,150.5036,118.3434,270.0,0.0,low
D203,B,135.8536,117.5934,0.0,B,132.762,121.095,90.0,4.671,low
D204,B,131.0036,117.5934,0.0,B,131.0036,117.5934,180.0,0.0,low
D301,F,125.7596,134.0634,90.0,F,125.7596,134.2594,90.0,0.196,high
Q201,F,154.9286,109.4564,270.0,F,155.005,108.259,90.0,1.2,low
Q301,F,158.4536,109.5314,270.0,F,158.54,108.335,90.0,1.2,low
Q302,F,129.3706,131.0734,0.0,B,163.4,122.1,270.0,35.193,low
R106,B,133.1036,88.7434,90.0,B,133.0976,89.2514,270.0,0.508,medium
R107,F,132.1308,84.4042,180.0,F,132.1308,84.4042,0.0,0.0,medium
R18,B,141.7826,95.8324,0.0,B,136.1,95.7,90.0,5.684,low
R19,B,142.2346,114.0904,90.0,B,139.285,113.827,0.0,2.961,low
R20,B,138.1076,103.9914,0.0,B,137.5976,104.6014,270.0,0.795,medium
R200,B,146.2436,123.4734,0.0,B,146.7536,123.8334,90.0,0.624,low
R202,B,147.8726,124.8984,270.0,B,147.7536,124.9334,270.0,0.124,low
R203,B,137.4786,122.0634,270.0,B,134.311,124.403,90.0,3.938,low
R205,B,119.8896,102.3944,270.0,B,119.995,103.59,0.0,1.2,low
R208,B,158.9776,114.6714,90.0,B,158.7036,114.1334,90.0,0.604,low
R209,B,155.3436,108.5184,0.0,B,155.3686,108.5189,0.0,0.025,low
R21,B,136.2916,99.3864,0.0,B,136.7026,99.3864,180.0,0.411,low
R210,B,157.2636,108.5184,0.0,B,156.3886,109.6564,180.0,1.436,low
R211,B,151.9436,108.5184,0.0,B,151.9436,108.5189,0.0,0.001,low
R22,B,135.8776,101.8034,270.0,B,134.494,98.904,90.0,3.213,low
R24,B,140.2476,94.6164,0.0,B,138.4,94.5,0.0,1.851,low
R25,B,139.2976,96.1164,0.0,B,138.5786,96.1164,180.0,0.719,low
R27,B,133.5106,115.8364,0.0,B,133.3986,115.6884,0.0,0.186,low
R28,B,136.5186,114.5884,180.0,B,136.5186,114.6124,180.0,0.024,low
R303,B,142.0866,102.1014,180.0,B,148.0,115.4,270.0,14.554,low
R304,B,140.9736,100.8214,0.0,B,137.074,100.826,0.0,3.9,low
R305,B,144.2756,110.3294,90.0,B,143.35,107.55,0.0,2.929,low
R307,B,145.6856,108.5304,180.0,B,145.686,108.1,180.0,0.43,low
R308,B,147.1136,109.5404,90.0,B,148.3,109.15,0.0,1.249,low
R309,B,148.1036,110.0934,90.0,B,148.1036,110.5604,270.0,0.467,low
R310,B,146.6866,111.9974,0.0,B,148.3,112.2,0.0,1.626,low
R311,B,139.3626,91.8164,0.0,B,139.5626,91.8164,0.0,0.2,low
R312,B,143.2036,113.8434,90.0,B,142.65,117.1,90.0,3.303,low
R313,B,145.2696,107.0734,0.0,B,146.37,106.973,180.0,1.105,medium
R314,B,120.4886,120.4134,0.0,B,158.4,108.4,90.0,39.769,low
R316,F,156.9786,126.6394,90.0,F,156.9786,126.6734,90.0,0.034,medium
R317,F,156.9826,128.6564,90.0,F,156.9826,128.6564,270.0,0.0,low
R319,F,163.2036,126.0434,90.0,F,163.2036,126.0434,270.0,0.0,low
R320,B,126.1086,126.2134,180.0,B,126.7086,126.2134,0.0,0.6,low
R322,F,162.4,135.2,270.0,F,162.4375,135.2,270.0,0.037,low
R324,F,161.0,123.2,90.0,F,161.0536,123.2,90.0,0.054,low
R36,B,133.5106,109.2364,0.0,B,133.3986,109.0884,0.0,0.186,low
R38,B,136.5186,106.9384,180.0,B,136.5186,106.3664,180.0,0.572,low
R40,B,120.5986,93.8434,90.0,B,120.5986,93.6934,90.0,0.15,low
R402,B,119.7746,133.6874,180.0,B,119.6936,133.2934,180.0,0.402,low
R404,B,124.4236,136.7014,270.0,B,124.815,137.836,0.0,1.2,low
R405,B,137.2976,119.9734,270.0,B,137.2976,120.1234,270.0,0.15,low
R408,B,143.6236,118.3684,90.0,B,141.6,116.4154,270.0,2.812,high
R41,B,122.8656,99.0934,0.0,B,122.8661,99.0934,0.0,0.001,low
R410,B,142.6376,119.8034,270.0,B,141.9636,119.1284,180.0,0.954,high
R412,B,146.0,138.0,0.0,B,144.104,138.097,0.0,1.898,low
R414,B,136.1826,135.9754,90.0,B,135.959,137.154,0.0,1.2,low
R416,B,125.4076,127.6554,90.0,B,123.033,131.473,0.0,4.496,low
R417,B,126.3766,127.6694,90.0,B,130.757,129.044,90.0,4.591,low
R419,B,127.4326,90.8164,0.0,B,127.5326,90.8164,0.0,0.1,medium
R42,B,158.9286,112.9934,180.0,B,158.5286,111.4934,180.0,1.552,low
R421,B,127.4326,91.8164,0.0,B,127.5326,91.8164,0.0,0.1,medium
R423,B,138.0936,138.1434,0.0,B,138.1686,138.1434,0.0,0.075,medium
R427,B,140.0936,137.1434,0.0,B,140.1436,137.1434,0.0,0.05,medium
R430,B,141.6936,125.1434,0.0,B,141.594,125.21,0.0,0.12,medium
R431,B,142.0936,137.1434,0.0,B,142.1436,137.1434,0.0,0.05,medium
R432,B,142.0936,126.1434,0.0,B,142.1436,126.1434,0.0,0.05,medium
R433,B,139.0976,90.0514,270.0,B,139.0976,90.3514,270.0,0.3,low
R434,B,137.0976,102.5814,90.0,B,137.0976,102.2814,90.0,0.3,medium
R438,B,142.0936,138.1434,0.0,B,142.1436,138.1434,0.0,0.05,low
R440,B,144.0936,137.1434,0.0,B,144.1436,137.1434,0.0,0.05,low
R49,B,145.6576,103.0314,90.0,B,145.6576,103.0314,270.0,0.0,low
R50,F,130.3836,121.8494,0.0,F,130.466,121.552,0.0,0.309,low
R51,B,146.5526,114.9294,90.0,B,149.944,115.273,180.0,3.409,low
R52,B,153.6536,107.6934,90.0,B,153.2786,106.5814,0.0,1.174,low
R53,B,138.0976,102.5814,90.0,B,135.598,101.351,90.0,2.786,low
R54,B,138.5976,105.4014,270.0,B,139.117,107.199,90.0,1.871,low
R60,F,122.2976,95.0164,180.0,F,122.35,95.09,0.0,0.09,medium
R65,B,123.5386,93.8434,90.0,B,123.9636,91.5434,180.0,2.339,medium
R67,B,121.3456,88.9024,90.0,B,121.0436,89.5434,0.0,0.709,medium
R701,B,131.6876,103.9914,180.0,B,130.902,100.796,90.0,3.291,low
R801,B,156.0936,141.1734,0.0,B,156.1952,140.6934,0.0,0.491,low
R900,B,159.0636,96.7544,90.0,B,159.0786,97.0654,270.0,0.311,low
R906,B,138.1226,90.0514,270.0,B,138.0976,90.3514,270.0,0.301,medium
R907,B,133.0306,112.6864,0.0,B,133.0306,112.3884,0.0,0.298,low
TP11,B,150.6036,121.8434,0.0,B,147.8,127.2,0.0,6.046,low
TP13,B,150.6036,125.0434,0.0,B,150.743,126.235,0.0,1.2,low
TP302,F,162.8036,128.0434,0.0,F,163.623,128.475,0.0,0.926,low
TP304,B,127.8396,124.0564,0.0,B,127.446,120.823,0.0,3.257,low
TP306,B,128.8576,130.5664,0.0,B,129.223,131.053,0.0,0.609,medium
